tour,as_of_date,elo_rank,player,age,elo,unnamed_4,helo_rank,helo,celo_rank,celo,gelo_rank,gelo,unnamed_11,peak_elo,peak_month,unnamed_14,atp_rank,log_diff
ATP,2026-01-12,1,Jannik Sinner,24.2,2293.2,,1.0,2245.2,2.0,2153.9,2.0,2075.0,,2329.6,2025-01,,2.0,-0.69
ATP,2026-01-12,2,Carlos Alcaraz,22.5,2272.8,,2.0,2188.9,1.0,2216.6,1.0,2139.7,,2296.4,2025-09,,1.0,0.69
ATP,2026-01-12,3,Novak Djokovic,38.4,2089.9,,3.0,2041.6,3.0,1997.4,3.0,1950.2,,2463.2,2016-05,,4.0,-0.29
ATP,2026-01-12,4,Alexander Zverev,28.6,2038.6,,4.0,1994.3,4.0,1991.9,6.0,1874.2,,2176.5,2022-01,,3.0,0.29
ATP,2026-01-12,5,Alex De Minaur,26.8,2004.3,,6.0,1953.7,10.0,1899.3,9.0,1838.1,,2053.1,2024-06,,6.0,-0.18
ATP,2026-01-12,6,Daniil Medvedev,29.9,1994.0,,5.0,1960.5,8.0,1911.7,5.0,1876.1,,2201.2,2022-01,,12.0,-0.69
ATP,2026-01-12,7,Taylor Fritz,28.1,1990.8,,8.0,1931.1,11.0,1877.9,4.0,1919.5,,2070.2,2025-09,,9.0,-0.25
ATP,2026-01-12,8,Felix Auger Aliassime,25.3,1978.8,,7.0,1944.8,12.0,1860.3,10.0,1790.7,,2062.7,2022-10,,7.0,0.13
ATP,2026-01-12,9,Lorenzo Musetti,23.8,1973.8,,11.0,1895.9,5.0,1981.3,8.0,1852.9,,2050.5,2025-05,,5.0,0.59
ATP,2026-01-12,10,Alexander Bublik,28.5,1973.4,,14.0,1885.2,9.0,1910.7,7.0,1855.7,,1976.5,2025-10,,10.0,0.0
ATP,2026-01-12,11,Casper Ruud,27.0,1950.5,,15.0,1884.2,6.0,1947.3,41.0,1698.5,,2071.9,2022-05,,13.0,-0.17
ATP,2026-01-12,12,Ben Shelton,23.0,1947.5,,10.0,1899.3,16.0,1840.0,13.0,1789.3,,2024.4,2025-08,,8.0,0.41
ATP,2026-01-12,13,Jack Draper,23.6,1932.4,,13.0,1890.1,22.0,1816.6,19.0,1753.5,,2103.8,2025-04,,11.0,0.17
ATP,2026-01-12,14,Joao Fonseca,19.1,1931.9,,9.0,1910.2,23.0,1810.3,37.0,1707.2,,1992.5,2025-03,,30.0,-0.76
ATP,2026-01-12,15,Learner Tien,20.0,1926.9,,12.0,1890.5,121.0,1615.8,38.0,1705.7,,1952.3,2026-01,,27.0,-0.59
ATP,2026-01-12,16,Jiri Lehecka,24.1,1916.3,,16.0,1865.4,26.0,1795.0,11.0,1790.6,,1989.9,2025-10,,19.0,-0.17
ATP,2026-01-12,17,Alejandro Davidovich Fokina,26.5,1905.5,,18.0,1856.9,20.0,1822.0,25.0,1730.5,,1934.8,2025-07,,15.0,0.13
ATP,2026-01-12,18,Sebastian Korda,25.5,1886.2,,19.0,1843.3,32.0,1766.2,14.0,1775.3,,2020.7,2023-01,,51.0,-1.04
ATP,2026-01-12,19,Stefanos Tsitsipas,27.3,1886.0,,20.0,1839.0,7.0,1914.4,31.0,1717.0,,2145.1,2021-05,,33.0,-0.55
ATP,2026-01-12,20,Andrey Rublev,28.2,1882.2,,21.0,1838.8,13.0,1849.3,12.0,1790.5,,2122.1,2021-04,,14.0,0.36
ATP,2026-01-12,21,Karen Khachanov,29.6,1878.5,,25.0,1819.6,17.0,1835.2,16.0,1767.4,,2029.5,2018-10,,17.0,0.21
ATP,2026-01-12,22,Hubert Hurkacz,28.8,1875.8,,28.0,1815.7,27.0,1783.6,18.0,1754.8,,2022.5,2024-06,,53.0,-0.88
ATP,2026-01-12,23,Francisco Cerundolo,27.2,1875.4,,22.0,1832.3,14.0,1846.0,59.0,1659.9,,1961.6,2025-04,,20.0,0.14
ATP,2026-01-12,24,Arthur Fils,21.1,1872.6,,34.0,1795.5,15.0,1842.4,28.0,1722.4,,1985.3,2025-04,,42.0,-0.56
ATP,2026-01-12,25,Ugo Humbert,27.5,1869.2,,17.0,1861.6,42.0,1732.4,30.0,1720.7,,2017.7,2024-03,,36.0,-0.36
ATP,2026-01-12,26,Grigor Dimitrov,34.6,1854.7,,27.0,1817.8,36.0,1755.1,39.0,1701.6,,2111.5,2014-08,,45.0,-0.55
ATP,2026-01-12,27,Jakub Mensik,20.3,1854.2,,23.0,1824.2,35.0,1757.6,44.0,1688.4,,1968.7,2025-04,,18.0,0.41
ATP,2026-01-12,28,Flavio Cobolli,23.6,1853.5,,38.0,1781.9,21.0,1818.6,23.0,1739.0,,1895.6,2025-07,,22.0,0.24
ATP,2026-01-12,29,Matteo Berrettini,29.5,1852.4,,30.0,1801.5,18.0,1830.7,20.0,1749.5,,2065.7,2022-07,,56.0,-0.66
ATP,2026-01-12,30,Cameron Norrie,30.3,1850.5,,35.0,1791.1,19.0,1826.0,21.0,1746.0,,2028.6,2022-08,,28.0,0.07
ATP,2026-01-12,31,Tommy Paul,28.6,1848.9,,39.0,1780.7,24.0,1807.5,29.0,1721.8,,2028.8,2025-05,,21.0,0.39
ATP,2026-01-12,32,Gael Monfils,39.0,1848.2,,24.0,1823.1,62.0,1713.0,53.0,1674.2,,2087.1,2016-10,,110.0,-1.23
ATP,2026-01-12,33,Corentin Moutet,26.5,1844.1,,40.0,1775.7,34.0,1765.0,24.0,1738.3,,1881.9,2025-10,,34.0,-0.03
ATP,2026-01-12,34,Brandon Nakashima,24.4,1843.9,,31.0,1799.8,38.0,1735.5,22.0,1744.3,,1909.5,2024-09,,29.0,0.16
ATP,2026-01-12,35,Valentin Vacherot,27.1,1840.4,,26.0,1819.0,66.0,1709.5,117.0,1574.2,,1867.2,2025-10,,32.0,0.09
ATP,2026-01-12,36,Raphael Collignon,23.9,1833.2,,29.0,1806.2,67.0,1709.4,82.0,1614.1,,1851.1,2026-01,,72.0,-0.69
ATP,2026-01-12,37,Zizou Bergs,26.5,1828.6,,33.0,1795.8,70.0,1705.0,50.0,1677.6,,1859.2,2025-03,,43.0,-0.15
ATP,2026-01-12,38,Tallon Griekspoor,29.4,1827.4,,45.0,1766.5,29.0,1775.4,15.0,1770.8,,1951.8,2025-06,,25.0,0.42
ATP,2026-01-12,39,Arthur Rinderknech,30.4,1826.2,,41.0,1775.7,41.0,1733.3,43.0,1693.3,,1871.8,2025-10,,26.0,0.41
ATP,2026-01-12,40,Frances Tiafoe,27.9,1818.4,,42.0,1775.4,30.0,1774.3,34.0,1710.0,,1974.0,2023-06,,31.0,0.25
ATP,2026-01-12,41,Alexander Blockx,20.7,1818.2,,36.0,1789.0,102.0,1645.5,62.0,1654.1,,1818.2,2026-01,,95.0,-0.84
ATP,2026-01-12,42,Jenson Brooksby,25.0,1817.6,,47.0,1762.2,39.0,1735.0,32.0,1716.2,,2005.3,2022-03,,48.0,-0.13
ATP,2026-01-12,43,Gabriel Diallo,24.2,1815.2,,55.0,1741.2,40.0,1733.6,33.0,1712.8,,1889.2,2025-06,,41.0,0.05
ATP,2026-01-12,44,Denis Shapovalov,26.7,1812.8,,32.0,1795.9,55.0,1721.6,64.0,1651.9,,1983.2,2020-01,,23.0,0.65
ATP,2026-01-12,45,Tomas Machac,25.2,1809.2,,37.0,1786.6,61.0,1714.6,51.0,1677.5,,1972.7,2025-04,,35.0,0.25
ATP,2026-01-12,46,Holger Rune,22.4,1806.9,,43.0,1774.5,28.0,1778.7,56.0,1663.4,,2082.0,2023-05,,16.0,1.06
ATP,2026-01-12,47,Alex Michelsen,21.3,1805.8,,46.0,1764.0,98.0,1652.7,40.0,1700.5,,1904.8,2025-01,,37.0,0.24
ATP,2026-01-12,48,Rafael Jodar,19.3,1799.4,,44.0,1769.6,129.0,1610.3,96.0,1599.7,,1824.9,2026-01,,150.0,-1.14
ATP,2026-01-12,49,Jaume Munar,28.6,1797.4,,53.0,1741.6,48.0,1726.7,70.0,1633.5,,1830.4,2025-10,,38.0,0.25
ATP,2026-01-12,50,Marton Fucsovics,33.9,1793.3,,54.0,1741.5,49.0,1726.4,27.0,1728.4,,1924.2,2021-03,,55.0,-0.1
ATP,2026-01-12,51,Marin Cilic,37.2,1791.2,,51.0,1742.4,65.0,1711.4,17.0,1766.4,,2100.4,2010-02,,70.0,-0.32
ATP,2026-01-12,52,Roberto Bautista Agut,37.3,1790.9,,65.0,1724.8,44.0,1730.8,26.0,1729.5,,2033.8,2016-02,,90.0,-0.55
ATP,2026-01-12,53,Arthur Cazaux,23.3,1786.9,,62.0,1731.1,72.0,1699.8,61.0,1655.7,,1811.9,2025-10,,67.0,-0.23
ATP,2026-01-12,54,Alexei Popyrin,26.4,1784.9,,61.0,1731.6,31.0,1766.5,69.0,1636.6,,1902.2,2024-10,,49.0,0.1
ATP,2026-01-12,55,Nuno Borges,28.8,1784.8,,48.0,1757.1,51.0,1722.9,77.0,1626.8,,1843.6,2025-03,,46.0,0.18
ATP,2026-01-12,56,Yibing Wu,26.2,1784.5,,49.0,1755.0,109.0,1637.1,113.0,1578.8,,1882.9,2023-03,,168.0,-1.1
ATP,2026-01-12,57,Tomas Martin Etcheverry,26.4,1783.8,,50.0,1745.7,52.0,1722.6,121.0,1571.3,,1871.7,2023-05,,61.0,-0.07
ATP,2026-01-12,58,Fabian Marozsan,26.2,1783.6,,59.0,1731.8,43.0,1731.9,104.0,1593.0,,1867.2,2024-04,,52.0,0.11
ATP,2026-01-12,59,Kamil Majchrzak,29.9,1783.0,,52.0,1741.7,47.0,1726.8,52.0,1677.1,,1813.1,2025-10,,58.0,0.02
ATP,2026-01-12,60,Marcos Giron,32.4,1781.7,,58.0,1732.5,93.0,1662.5,36.0,1707.7,,1874.1,2025-03,,60.0,0.0
ATP,2026-01-12,61,Lorenzo Sonego,30.6,1778.3,,57.0,1733.9,78.0,1691.2,48.0,1680.1,,1895.3,2021-05,,40.0,0.42
ATP,2026-01-12,62,Alejandro Tabilo,28.5,1776.4,,64.0,1726.6,46.0,1727.7,45.0,1686.6,,1895.7,2024-07,,81.0,-0.27
ATP,2026-01-12,63,Matteo Arnaldi,24.8,1775.6,,60.0,1731.7,33.0,1765.4,107.0,1589.1,,1902.9,2024-06,,65.0,-0.03
ATP,2026-01-12,64,Jordan Thompson,31.7,1774.5,,56.0,1735.7,132.0,1605.7,35.0,1709.7,,1891.2,2024-12,,111.0,-0.55
ATP,2026-01-12,65,Giovanni Mpetshi Perricard,22.4,1770.4,,67.0,1723.4,79.0,1690.7,55.0,1667.5,,1862.8,2024-12,,63.0,0.03
ATP,2026-01-12,66,Jan Lennard Struff,35.6,1761.6,,76.0,1701.7,60.0,1717.2,63.0,1654.1,,1935.1,2024-07,,84.0,-0.24
ATP,2026-01-12,67,Reilly Opelka,28.3,1761.2,,66.0,1724.7,82.0,1687.7,67.0,1640.7,,1927.5,2022-04,,62.0,0.08
ATP,2026-01-12,68,Luciano Darderi,23.7,1760.9,,142.0,1592.9,25.0,1795.9,111.0,1581.6,,1857.0,2024-06,,24.0,1.04
ATP,2026-01-12,69,Juncheng Shang,20.9,1759.0,,70.0,1712.0,100.0,1646.8,60.0,1657.4,,1895.7,2024-09,,311.0,-1.51
ATP,2026-01-12,70,Yannick Hanfmann,34.1,1759.0,,75.0,1701.9,59.0,1717.3,73.0,1631.8,,1843.4,2023-06,,101.0,-0.37
ATP,2026-01-12,71,Benjamin Bonzi,29.5,1752.5,,68.0,1718.5,123.0,1614.0,65.0,1645.4,,1835.8,2022-06,,106.0,-0.4
ATP,2026-01-12,72,Daniel Altmaier,27.3,1751.3,,80.0,1689.4,53.0,1721.8,125.0,1568.4,,1789.1,2021-08,,44.0,0.49
ATP,2026-01-12,73,Kei Nishikori,36.0,1748.4,,72.0,1707.5,107.0,1638.1,87.0,1608.3,,2194.2,2016-08,,237.0,-1.18
ATP,2026-01-12,74,Pablo Carreno Busta,34.4,1747.2,,63.0,1727.7,68.0,1708.3,122.0,1571.3,,2005.1,2021-08,,92.0,-0.22
ATP,2026-01-12,75,Leandro Riedi,23.5,1746.8,,71.0,1712.0,141.0,1595.9,54.0,1671.2,,1823.3,2023-01,,180.0,-0.88
ATP,2026-01-12,76,Ethan Quinn,21.8,1745.2,,77.0,1698.6,90.0,1669.1,80.0,1620.7,,1803.9,2025-05,,78.0,-0.03
ATP,2026-01-12,77,Alexandre Muller,28.9,1745.2,,86.0,1682.9,45.0,1728.4,131.0,1556.7,,1801.7,2025-05,,50.0,0.43
ATP,2026-01-12,78,Eliot Spizzirri,24.0,1743.5,,73.0,1705.9,161.0,1562.7,91.0,1603.8,,1785.6,2025-11,,89.0,-0.13
ATP,2026-01-12,79,Botic Van De Zandschulp,30.2,1740.9,,74.0,1705.6,83.0,1686.2,105.0,1591.4,,1938.0,2022-09,,75.0,0.05
ATP,2026-01-12,80,Borna Coric,28.7,1740.9,,82.0,1686.4,50.0,1726.3,71.0,1633.5,,2011.6,2019-01,,123.0,-0.43
ATP,2026-01-12,81,Ignacio Buse,21.6,1739.3,,146.0,1588.5,54.0,1721.8,144.0,1543.1,,1834.0,2025-09,,99.0,-0.2
ATP,2026-01-12,82,Miomir Kecmanovic,26.3,1735.8,,81.0,1687.2,81.0,1689.0,74.0,1629.6,,1900.6,2022-04,,59.0,0.33
ATP,2026-01-12,83,Hamad Medjedovic,22.2,1732.9,,83.0,1685.0,71.0,1703.0,97.0,1599.2,,1844.2,2025-04,,96.0,-0.15
ATP,2026-01-12,84,Roman Safiullin,28.0,1731.1,,69.0,1718.1,91.0,1669.1,93.0,1600.8,,1911.3,2024-01,,172.0,-0.72
ATP,2026-01-12,85,David Goffin,34.8,1730.7,,85.0,1683.7,73.0,1696.1,46.0,1682.1,,2048.7,2017-04,,117.0,-0.32
ATP,2026-01-12,86,Valentin Royer,24.6,1727.4,,88.0,1670.2,92.0,1663.9,68.0,1639.5,,1800.2,2025-10,,57.0,0.41
ATP,2026-01-12,87,Francisco Comesana,25.2,1723.5,,96.0,1660.3,76.0,1694.1,116.0,1574.7,,1761.9,2025-08,,68.0,0.25
ATP,2026-01-12,88,Yoshihito Nishioka,30.2,1721.8,,78.0,1695.7,111.0,1634.8,132.0,1556.4,,1884.7,2023-01,,114.0,-0.26
ATP,2026-01-12,89,Cristian Garin,29.6,1720.3,,113.0,1625.5,56.0,1721.5,66.0,1644.0,,1889.6,2019-04,,80.0,0.11
ATP,2026-01-12,90,Dominik Koepfer,30.7,1719.9,,89.0,1669.9,63.0,1712.3,83.0,1613.0,,1822.7,2024-03,,508.0,-1.73
ATP,2026-01-12,91,Michael Zheng,21.9,1719.2,,79.0,1690.6,242.0,1469.6,147.0,1540.2,,1777.3,2025-09,,174.0,-0.65
ATP,2026-01-12,92,Dino Prizmic,20.3,1715.5,,97.0,1655.5,75.0,1695.1,134.0,1553.9,,1783.6,2025-09,,127.0,-0.32
ATP,2026-01-12,93,Jacob Fearnley,24.4,1713.3,,93.0,1664.3,74.0,1696.1,78.0,1625.6,,1910.0,2024-10,,77.0,0.19
ATP,2026-01-12,94,Adrian Mannarino,37.5,1712.8,,87.0,1675.1,192.0,1526.6,47.0,1680.3,,1896.3,2018-01,,69.0,0.31
ATP,2026-01-12,95,Patrick Kypson,26.1,1710.8,,84.0,1685.0,150.0,1585.7,173.0,1517.6,,1732.4,2026-01,,116.0,-0.2
ATP,2026-01-12,96,Zhizhen Zhang,29.2,1710.8,,105.0,1640.2,57.0,1720.1,89.0,1606.4,,1830.9,2024-09,,362.0,-1.33
ATP,2026-01-12,97,Zachary Svajda,22.7,1709.9,,108.0,1635.6,203.0,1516.5,42.0,1697.1,,1769.0,2023-10,,143.0,-0.39
ATP,2026-01-12,98,Laslo Djere,30.5,1708.4,,117.0,1624.3,37.0,1738.8,114.0,1576.8,,1854.6,2023-09,,91.0,0.07
ATP,2026-01-12,99,Jesper De Jong,25.5,1708.1,,100.0,1644.8,69.0,1706.2,153.0,1535.0,,1741.0,2025-10,,73.0,0.3
ATP,2026-01-12,100,Sebastian Baez,25.0,1707.4,,107.0,1638.5,77.0,1692.1,171.0,1520.2,,1941.4,2022-07,,39.0,0.94
ATP,2026-01-12,101,Pablo Llamas Ruiz,22.9,1700.0,,147.0,1586.4,84.0,1678.8,145.0,1541.2,,1733.1,2023-08,,212.0,-0.74
ATP,2026-01-12,102,Camilo Ugo Carabelli,26.5,1699.7,,136.0,1598.6,64.0,1712.0,235.0,1466.5,,1771.9,2025-05,,47.0,0.77
ATP,2026-01-12,103,Nicolas Jarry,30.2,1698.3,,112.0,1628.0,86.0,1675.2,58.0,1660.2,,1903.0,2023-10,,133.0,-0.26
ATP,2026-01-12,104,Mackenzie Mcdonald,30.5,1697.7,,94.0,1663.4,173.0,1545.1,90.0,1605.3,,1847.6,2023-03,,113.0,-0.08
ATP,2026-01-12,105,Stan Wawrinka,40.7,1696.3,,90.0,1666.0,105.0,1643.1,98.0,1599.0,,2145.5,2016-01,,139.0,-0.28
ATP,2026-01-12,106,Mariano Navone,24.8,1696.1,,173.0,1548.7,58.0,1718.0,179.0,1512.8,,1875.9,2024-04,,74.0,0.36
ATP,2026-01-12,107,Terence Atmane,23.9,1693.5,,95.0,1662.1,130.0,1608.8,151.0,1536.7,,1760.2,2025-09,,64.0,0.51
ATP,2026-01-12,108,Roman Andres Burruchaga,23.7,1689.6,,178.0,1538.1,89.0,1671.6,127.0,1560.5,,1701.4,2025-11,,103.0,0.05
ATP,2026-01-12,109,Hugo Gaston,25.2,1688.6,,92.0,1664.9,113.0,1631.4,124.0,1568.5,,1795.1,2021-11,,94.0,0.15
ATP,2026-01-12,110,Damir Dzumhur,33.6,1687.0,,110.0,1632.3,85.0,1676.3,130.0,1556.8,,1895.8,2017-09,,66.0,0.51
ATP,2026-01-12,111,Aleksandar Vukic,29.7,1684.7,,102.0,1643.6,155.0,1570.9,95.0,1600.2,,1773.3,2025-01,,87.0,0.24
ATP,2026-01-12,112,Otto Virtanen,24.4,1684.2,,109.0,1633.4,198.0,1521.6,49.0,1679.6,,1768.8,2024-03,,126.0,-0.12
ATP,2026-01-12,113,Coleman Wong,21.5,1680.8,,103.0,1643.1,233.0,1478.0,150.0,1536.8,,1685.9,2026-01,,132.0,-0.16
ATP,2026-01-12,114,Nikoloz Basilashvili,33.8,1679.0,,104.0,1640.6,124.0,1613.5,76.0,1627.1,,1889.8,2019-01,,105.0,0.08
ATP,2026-01-12,115,Quentin Halys,29.1,1678.2,,106.0,1639.0,101.0,1645.8,81.0,1620.6,,1811.4,2023-04,,85.0,0.3
ATP,2026-01-12,116,Nishesh Basavareddy,20.6,1677.2,,98.0,1654.6,240.0,1471.1,169.0,1522.0,,1856.6,2025-01,,239.0,-0.72
ATP,2026-01-12,117,Vit Kopriva,28.5,1676.8,,124.0,1618.1,95.0,1658.1,120.0,1571.9,,1760.5,2025-05,,100.0,0.16
ATP,2026-01-12,118,Christopher Oconnell,31.5,1673.8,,91.0,1665.5,128.0,1611.5,146.0,1541.0,,1814.1,2025-03,,118.0,0.0
ATP,2026-01-12,119,Dalibor Svrcina,23.0,1673.2,,99.0,1647.0,146.0,1589.5,185.0,1505.6,,1712.9,2025-04,,93.0,0.25
ATP,2026-01-12,120,Roberto Carballes Baena,32.7,1673.0,,115.0,1624.6,97.0,1653.6,164.0,1526.3,,1788.1,2024-07,,147.0,-0.2
ATP,2026-01-12,121,Lloyd Harris,28.8,1672.9,,118.0,1623.8,156.0,1569.8,72.0,1633.4,,1896.0,2021-10,,221.0,-0.6
ATP,2026-01-12,122,Jerome Kym,22.6,1671.1,,101.0,1644.4,136.0,1601.0,178.0,1513.2,,1738.0,2024-10,,186.0,-0.42
ATP,2026-01-12,123,Juan Manuel Cerundolo,24.0,1669.1,,151.0,1578.0,87.0,1673.2,253.0,1451.9,,1774.8,2021-10,,83.0,0.39
ATP,2026-01-12,124,Sebastian Ofner,29.6,1668.5,,152.0,1576.8,88.0,1672.7,84.0,1612.9,,1812.7,2024-01,,131.0,-0.05
ATP,2026-01-12,125,Alexander Shevchenko,25.1,1666.0,,131.0,1610.5,108.0,1637.4,218.0,1475.8,,1792.0,2024-02,,104.0,0.18
ATP,2026-01-12,126,Arthur Fery,23.3,1665.4,,114.0,1625.4,267.0,1442.7,198.0,1491.1,,1715.7,2025-10,,185.0,-0.38
ATP,2026-01-12,127,Bu Yunchaokete,23.9,1659.7,,123.0,1618.3,140.0,1596.6,224.0,1472.1,,1834.9,2024-09,,120.0,0.06
ATP,2026-01-12,128,Giulio Zeppieri,23.9,1659.5,,111.0,1629.8,147.0,1589.1,99.0,1597.7,,1691.2,2022-07,,156.0,-0.2
ATP,2026-01-12,129,Richard Gasquet,38.9,1659.2,,125.0,1617.4,119.0,1617.5,94.0,1600.5,,2059.5,2016-05,,319.0,-0.91
ATP,2026-01-12,130,Guy Den Ouden,23.4,1657.4,,353.0,1368.3,94.0,1659.8,200.0,1489.1,,1722.8,2025-08,,160.0,-0.21
ATP,2026-01-12,131,Mattia Bellucci,24.5,1656.8,,128.0,1615.0,175.0,1541.5,92.0,1602.6,,1814.3,2024-10,,76.0,0.54
ATP,2026-01-12,132,Tomas Barrios Vera,28.0,1655.4,,171.0,1550.8,106.0,1639.6,100.0,1595.8,,1710.3,2023-07,,107.0,0.21
ATP,2026-01-12,133,Zsombor Piros,26.2,1654.9,,148.0,1586.1,110.0,1637.0,139.0,1549.4,,1731.0,2023-04,,170.0,-0.25
ATP,2026-01-12,134,Emilio Nava,24.0,1654.4,,137.0,1596.4,133.0,1605.4,136.0,1550.9,,1738.2,2025-09,,88.0,0.42
ATP,2026-01-12,135,James Duckworth,33.9,1654.3,,122.0,1619.9,176.0,1539.9,119.0,1574.0,,1785.9,2021-11,,86.0,0.45
ATP,2026-01-12,136,Nicolai Budkov Kjaer,19.3,1653.4,,119.0,1623.2,139.0,1597.2,163.0,1526.5,,1749.3,2025-10,,135.0,0.01
ATP,2026-01-12,137,Sho Shimabukuro,28.4,1652.4,,126.0,1615.6,201.0,1518.1,106.0,1589.3,,1692.5,2023-09,,144.0,-0.05
ATP,2026-01-12,138,Rinky Hijikata,24.8,1650.7,,129.0,1613.3,228.0,1482.9,108.0,1585.7,,1744.9,2025-01,,115.0,0.18
ATP,2026-01-12,139,Kyrian Jacquet,24.6,1649.7,,116.0,1624.6,170.0,1548.6,140.0,1547.7,,1735.1,2025-02,,128.0,0.08
ATP,2026-01-12,140,Alex Molcan,27.9,1649.7,,130.0,1611.1,115.0,1620.4,123.0,1569.5,,1872.5,2022-07,,205.0,-0.38
ATP,2026-01-12,141,Jason Kubler,32.5,1649.2,,138.0,1596.2,143.0,1595.6,57.0,1661.7,,1790.0,2022-07,,192.0,-0.31
ATP,2026-01-12,142,Gilles Arnaud Bailly,20.0,1648.5,,133.0,1604.5,159.0,1567.2,118.0,1574.2,,1656.4,2025-10,,207.0,-0.38
ATP,2026-01-12,143,Dusan Lajovic,35.5,1648.3,,162.0,1567.4,103.0,1644.7,187.0,1501.7,,1854.6,2018-10,,125.0,0.13
ATP,2026-01-12,144,Aleksandar Kovacevic,27.3,1646.1,,120.0,1622.3,212.0,1504.2,191.0,1499.0,,1758.8,2024-04,,54.0,0.98
ATP,2026-01-12,145,Andrea Vavassori,30.3,1644.8,,132.0,1606.1,117.0,1619.1,175.0,1516.4,,1734.8,2023-04,,336.0,-0.84
ATP,2026-01-12,146,Toby Samuel,23.3,1644.1,,121.0,1622.3,276.0,1432.0,165.0,1526.0,,1684.5,2026-01,,248.0,-0.53
ATP,2026-01-12,147,Nicolas Moreno De Alboran,28.4,1641.9,,127.0,1615.4,153.0,1577.8,167.0,1524.3,,1687.7,2024-11,,633.0,-1.46
ATP,2026-01-12,148,Luka Mikrut,21.5,1641.3,,255.0,1466.1,96.0,1657.8,170.0,1520.6,,1735.4,2025-10,,163.0,-0.1
ATP,2026-01-12,149,Jan Choinski,29.4,1641.1,,205.0,1512.6,104.0,1643.9,282.0,1436.5,,1669.3,2025-11,,124.0,0.18
ATP,2026-01-12,150,Mark Lajal,22.6,1639.6,,135.0,1598.9,204.0,1515.1,88.0,1607.4,,1685.3,2025-07,,153.0,-0.02
ATP,2026-01-12,151,Filip Misolic,24.4,1638.5,,203.0,1514.5,80.0,1689.5,129.0,1556.9,,1829.4,2025-07,,82.0,0.61
ATP,2026-01-12,152,Pedro Martinez,28.6,1636.4,,139.0,1595.0,118.0,1617.9,212.0,1479.6,,1844.3,2022-04,,71.0,0.76
ATP,2026-01-12,153,Aslan Karatsev,31.9,1633.5,,141.0,1593.3,112.0,1631.9,193.0,1497.5,,1964.6,2021-05,,672.0,-1.48
ATP,2026-01-12,154,Michael Mmoh,27.9,1631.4,,134.0,1600.8,195.0,1525.6,155.0,1532.5,,1762.3,2017-02,,228.0,-0.39
ATP,2026-01-12,155,Vilius Gaubas,20.8,1628.8,,222.0,1498.1,131.0,1608.1,135.0,1553.1,,1718.5,2025-05,,129.0,0.18
ATP,2026-01-12,156,Chris Rodesch,24.4,1628.2,,161.0,1567.7,148.0,1586.2,109.0,1583.9,,1650.4,2026-01,,208.0,-0.29
ATP,2026-01-12,157,Martin Landaluce,19.9,1627.8,,140.0,1594.8,197.0,1522.2,85.0,1612.2,,1741.8,2024-10,,149.0,0.05
ATP,2026-01-12,158,Luca Nardi,22.4,1627.7,,143.0,1592.8,149.0,1586.0,256.0,1450.0,,1724.6,2024-04,,108.0,0.38
ATP,2026-01-12,159,Yosuke Watanuki,27.5,1627.5,,145.0,1590.9,145.0,1590.6,112.0,1580.7,,1798.2,2023-05,,162.0,-0.02
ATP,2026-01-12,160,Harold Mayot,23.9,1627.3,,144.0,1591.3,138.0,1597.7,161.0,1527.8,,1701.9,2024-06,,159.0,0.01
ATP,2026-01-12,161,Carlos Taberner,28.2,1625.8,,266.0,1458.4,127.0,1612.4,271.0,1441.1,,1725.0,2021-10,,98.0,0.5
ATP,2026-01-12,162,Francesco Passaro,24.8,1623.1,,156.0,1574.6,125.0,1613.0,234.0,1467.9,,1779.0,2022-08,,140.0,0.15
ATP,2026-01-12,163,Fabio Fognini,38.1,1622.9,,160.0,1568.7,116.0,1620.0,133.0,1554.3,,2003.8,2014-04,,,
ATP,2026-01-12,164,Daniel Evans,35.2,1621.1,,149.0,1584.6,183.0,1532.8,86.0,1608.4,,1902.5,2021-04,,187.0,-0.13
ATP,2026-01-12,165,Marco Trungelliti,35.7,1621.1,,214.0,1504.6,114.0,1627.6,215.0,1478.4,,1693.1,2018-07,,130.0,0.24
ATP,2026-01-12,166,Adolfo Daniel Vallejo,21.5,1620.0,,303.0,1415.2,122.0,1614.8,128.0,1560.0,,1620.0,2025-11,,146.0,0.13
ATP,2026-01-12,167,Alex Bolt,32.8,1615.8,,158.0,1569.6,345.0,1372.9,103.0,1593.3,,1688.9,2019-03,,171.0,-0.02
ATP,2026-01-12,168,Titouan Droguet,24.5,1615.6,,174.0,1545.2,99.0,1647.0,137.0,1550.9,,1722.4,2025-07,,155.0,0.08
ATP,2026-01-12,169,Elmer Moller,22.4,1612.5,,243.0,1475.6,135.0,1602.3,152.0,1535.3,,1741.1,2025-04,,119.0,0.35
ATP,2026-01-12,170,Adam Walton,26.7,1608.7,,155.0,1576.6,254.0,1456.5,220.0,1473.8,,1747.1,2025-04,,79.0,0.77
ATP,2026-01-12,171,Alvaro Guillen Meza,22.8,1607.6,,387.0,1344.3,142.0,1595.7,208.0,1483.8,,1627.0,2025-11,,193.0,-0.12
ATP,2026-01-12,172,Borna Gojo,27.8,1607.3,,150.0,1580.2,126.0,1612.6,287.0,1430.4,,1800.2,2023-10,,284.0,-0.5
ATP,2026-01-12,173,Ugo Blanchet,27.0,1607.3,,154.0,1576.7,188.0,1528.3,211.0,1481.2,,1662.1,2025-08,,142.0,0.2
ATP,2026-01-12,174,Gustavo Heide,23.8,1606.4,,270.0,1456.3,134.0,1604.1,222.0,1472.7,,1661.1,2024-07,,238.0,-0.31
ATP,2026-01-12,175,Emil Ruusuvuori,26.6,1606.1,,153.0,1576.8,165.0,1558.3,115.0,1576.4,,1893.2,2023-06,,544.0,-1.13
ATP,2026-01-12,176,Shintaro Mochizuki,22.5,1603.2,,180.0,1534.1,189.0,1528.0,75.0,1629.4,,1714.9,2025-10,,112.0,0.45
ATP,2026-01-12,177,Francesco Maestrelli,23.0,1598.8,,159.0,1569.4,172.0,1545.2,265.0,1444.9,,1711.4,2022-07,,141.0,0.23
ATP,2026-01-12,178,Jurij Rodionov,26.6,1597.0,,163.0,1565.7,169.0,1549.7,177.0,1515.1,,1702.1,2023-06,,167.0,0.06
ATP,2026-01-12,179,Clement Chidekh,24.5,1595.5,,157.0,1570.7,299.0,1409.3,192.0,1497.8,,1695.5,2024-03,,215.0,-0.18
ATP,2026-01-12,180,Marko Topo,22.1,1594.6,,168.0,1557.7,186.0,1530.1,184.0,1506.5,,1663.9,2022-04,,236.0,-0.27
ATP,2026-01-12,181,Thiago Agustin Tirante,24.5,1594.2,,166.0,1558.6,154.0,1574.3,204.0,1485.6,,1707.7,2025-08,,102.0,0.57
ATP,2026-01-12,182,Luca Van Assche,21.6,1593.0,,164.0,1565.4,168.0,1554.5,188.0,1501.4,,1801.5,2023-04,,165.0,0.1
ATP,2026-01-12,183,Matteo Gigante,23.7,1591.8,,181.0,1533.6,137.0,1598.0,248.0,1457.1,,1709.5,2025-05,,152.0,0.19
ATP,2026-01-12,184,Yi Zhou,20.8,1591.2,,165.0,1564.5,321.0,1387.4,195.0,1495.6,,1602.8,2026-01,,244.0,-0.28
ATP,2026-01-12,185,Facundo Bagnis,35.5,1590.7,,204.0,1512.9,151.0,1583.8,417.0,1363.2,,1737.0,2021-07,,389.0,-0.74
ATP,2026-01-12,186,Hugo Grenier,29.6,1589.3,,167.0,1558.3,265.0,1446.2,214.0,1478.7,,1734.0,2022-09,,179.0,0.04
ATP,2026-01-12,187,Lukas Klein,27.7,1588.2,,202.0,1514.8,120.0,1617.5,138.0,1550.8,,1777.5,2024-03,,136.0,0.32
ATP,2026-01-12,188,Hugo Dellien,32.3,1586.1,,251.0,1469.2,158.0,1567.3,251.0,1453.8,,1779.8,2022-05,,137.0,0.32
ATP,2026-01-12,189,Cedrik Marcel Stebe,35.2,1582.0,,169.0,1554.2,166.0,1557.6,217.0,1476.1,,1824.7,2017-09,,320.0,-0.53
ATP,2026-01-12,190,Daniel Elahi Galan,29.5,1581.2,,183.0,1529.5,171.0,1548.3,174.0,1517.6,,1757.5,2022-09,,154.0,0.21
ATP,2026-01-12,191,Rei Sakamoto,19.5,1580.0,,176.0,1544.8,277.0,1431.2,199.0,1490.0,,1656.2,2025-07,,202.0,-0.06
ATP,2026-01-12,192,Federico Coria,33.4,1580.0,,248.0,1470.7,164.0,1558.5,352.0,1391.7,,1754.4,2021-07,,267.0,-0.33
ATP,2026-01-12,193,Daniil Glinka,25.6,1577.3,,172.0,1549.4,178.0,1538.6,148.0,1538.6,,1607.4,2025-11,,199.0,-0.03
ATP,2026-01-12,194,Martin Damm,22.0,1574.4,,170.0,1553.4,366.0,1354.5,101.0,1595.3,,1767.9,1999-11,,177.0,0.09
ATP,2026-01-12,195,Maximilian Marterer,30.1,1574.4,,187.0,1525.5,160.0,1563.9,183.0,1507.9,,1815.1,2018-06,,742.0,-1.34
ATP,2026-01-12,196,Felipe Meligeni Alves,27.3,1574.0,,249.0,1470.2,157.0,1569.8,143.0,1545.5,,1695.3,2023-10,,225.0,-0.14
ATP,2026-01-12,197,Daniel Merida Aguilar,21.1,1570.8,,220.0,1499.7,174.0,1544.1,205.0,1485.4,,1669.8,2025-09,,164.0,0.18
ATP,2026-01-12,198,Chun Hsin Tseng,24.2,1567.4,,212.0,1505.2,152.0,1581.7,314.0,1411.9,,1715.6,2022-04,,122.0,0.48
ATP,2026-01-12,199,Ilya Ivashka,31.4,1566.9,,184.0,1528.7,144.0,1591.9,158.0,1530.9,,1922.5,2021-09,,791.0,-1.38
ATP,2026-01-12,200,Tristan Schoolkate,24.8,1564.0,,193.0,1520.2,376.0,1345.0,126.0,1567.8,,1703.1,2025-07,,97.0,0.72
ATP,2026-01-12,201,Constant Lestienne,33.1,1563.6,,179.0,1534.7,274.0,1433.6,247.0,1457.5,,1781.3,2023-01,,404.0,-0.7
ATP,2026-01-12,202,August Holmgren,27.4,1563.1,,209.0,1507.7,287.0,1421.3,79.0,1621.8,,1677.9,2021-09,,191.0,0.06
ATP,2026-01-12,203,Arthur Gea,21.0,1562.8,,182.0,1533.1,229.0,1482.9,210.0,1481.4,,1562.8,2026-01,,197.0,0.03
ATP,2026-01-12,204,Mikhail Kukushkin,38.0,1562.7,,189.0,1524.2,181.0,1534.3,149.0,1538.6,,1864.2,2010-10,,293.0,-0.36
ATP,2026-01-12,205,Facundo Diaz Acosta,25.0,1560.7,,237.0,1483.7,162.0,1561.8,310.0,1416.3,,1791.9,2024-02,,243.0,-0.17
ATP,2026-01-12,206,Pierre Hugues Herbert,34.8,1559.6,,175.0,1544.8,216.0,1497.6,159.0,1529.8,,1867.9,2019-06,,157.0,0.27
ATP,2026-01-12,207,Stefano Travaglia,33.8,1558.0,,191.0,1520.9,185.0,1531.5,263.0,1446.0,,1793.8,2021-02,,189.0,0.09
ATP,2026-01-12,208,Albert Ramos,37.7,1557.7,,194.0,1520.0,193.0,1526.1,294.0,1424.1,,1889.0,2017-04,,395.0,-0.64
ATP,2026-01-12,209,Colton Smith,22.8,1556.1,,198.0,1515.7,241.0,1470.0,141.0,1546.9,,1837.6,2025-06,,148.0,0.35
ATP,2026-01-12,210,Henrique Rocha,21.7,1555.5,,186.0,1527.4,191.0,1527.3,209.0,1483.6,,1637.6,2024-09,,158.0,0.28
ATP,2026-01-12,211,Liam Draxl,24.0,1555.2,,195.0,1519.3,207.0,1513.3,275.0,1438.3,,1699.6,2025-07,,145.0,0.38
ATP,2026-01-12,212,James Mccabe,22.5,1553.8,,200.0,1515.4,379.0,1340.4,166.0,1526.0,,1584.1,2025-03,,173.0,0.2
ATP,2026-01-12,213,Andrea Pellegrino,28.6,1552.4,,354.0,1364.8,163.0,1558.6,343.0,1398.1,,1644.1,2025-06,,138.0,0.43
ATP,2026-01-12,214,Dan Added,26.7,1551.3,,190.0,1521.2,336.0,1377.9,219.0,1475.6,,1565.5,2025-11,,200.0,0.07
ATP,2026-01-12,215,Jack Pinnington Jones,22.7,1551.2,,239.0,1480.9,280.0,1427.2,110.0,1583.0,,1640.9,2025-07,,196.0,0.09
ATP,2026-01-12,216,Thiago Monteiro,31.3,1550.8,,188.0,1524.2,177.0,1539.5,240.0,1462.2,,1748.2,2024-05,,194.0,0.11
ATP,2026-01-12,217,Pavel Kotov,26.9,1550.4,,199.0,1515.5,182.0,1534.0,213.0,1479.2,,1797.1,2024-05,,483.0,-0.8
ATP,2026-01-12,218,Sumit Nagal,28.3,1548.6,,196.0,1518.1,187.0,1529.3,325.0,1406.8,,1745.2,2019-09,,279.0,-0.25
ATP,2026-01-12,219,Billy Harris,30.9,1548.5,,216.0,1504.5,285.0,1422.6,162.0,1526.6,,1711.4,2024-06,,121.0,0.59
ATP,2026-01-12,220,Alejandro Moro Canas,24.8,1548.3,,192.0,1520.2,210.0,1506.1,194.0,1497.5,,1673.5,2024-07,,242.0,-0.1
ATP,2026-01-12,221,Zdenek Kolar,29.2,1547.5,,254.0,1466.2,179.0,1536.8,229.0,1470.4,,1621.1,2021-09,,176.0,0.23
ATP,2026-01-12,222,Bernard Tomic,33.2,1544.3,,215.0,1504.5,253.0,1456.5,142.0,1546.8,,1947.4,2015-03,,184.0,0.19
ATP,2026-01-12,223,Henri Squire,25.0,1543.9,,250.0,1469.7,184.0,1532.6,371.0,1385.4,,1670.0,2024-06,,276.0,-0.21
ATP,2026-01-12,224,Trevor Svajda,19.4,1543.6,,208.0,1510.0,330.0,1381.8,226.0,1471.8,,1625.4,2025-09,,380.0,-0.53
ATP,2026-01-12,225,Justin Engel,18.2,1542.3,,217.0,1502.6,306.0,1401.7,189.0,1500.2,,1607.8,2025-11,,183.0,0.21
ATP,2026-01-12,226,Gonzalo Bueno,21.6,1542.3,,417.0,1307.7,194.0,1526.0,228.0,1471.2,,1602.2,2025-11,,214.0,0.05
ATP,2026-01-12,227,Federico Agustin Gomez,28.9,1540.4,,185.0,1528.5,231.0,1482.5,216.0,1478.2,,1668.6,2024-09,,190.0,0.18
ATP,2026-01-12,228,Juan Carlos Prado Angelo,20.7,1539.2,,301.0,1416.8,196.0,1525.2,231.0,1469.6,,1611.6,2025-10,,209.0,0.09
ATP,2026-01-12,229,Clement Tabur,25.9,1538.9,,197.0,1516.8,252.0,1456.7,273.0,1439.0,,1565.2,2025-06,,201.0,0.13
ATP,2026-01-12,230,Moez Echargui,32.8,1536.6,,206.0,1511.2,268.0,1442.6,233.0,1468.3,,1647.0,2025-09,,134.0,0.54
ATP,2026-01-12,231,Yu Hsiou Hsu,26.6,1536.3,,210.0,1506.6,310.0,1398.1,407.0,1369.6,,1648.0,2023-11,,220.0,0.05
ATP,2026-01-12,232,Stefano Napolitano,30.6,1535.8,,233.0,1487.6,202.0,1518.1,203.0,1486.7,,1662.1,2024-05,,448.0,-0.66
ATP,2026-01-12,233,Dominic Stricker,23.1,1535.6,,218.0,1500.0,222.0,1493.6,157.0,1531.3,,1798.6,2021-06,,357.0,-0.43
ATP,2026-01-12,234,Johannus Monday,23.9,1535.0,,207.0,1510.7,338.0,1377.5,306.0,1417.7,,1556.0,2026-01,,218.0,0.07
ATP,2026-01-12,235,George Loffhagen,24.5,1534.3,,231.0,1489.3,340.0,1377.1,258.0,1449.4,,1649.0,2025-07,,211.0,0.11
ATP,2026-01-12,236,Brandon Holt,27.7,1533.1,,211.0,1506.1,368.0,1351.8,186.0,1505.1,,1725.5,2025-02,,109.0,0.77
ATP,2026-01-12,237,Mitchell Krueger,31.8,1532.6,,229.0,1492.7,221.0,1493.9,244.0,1459.5,,1653.6,2022-04,,204.0,0.15
ATP,2026-01-12,238,Elias Ymer,29.7,1530.9,,221.0,1499.2,219.0,1495.8,190.0,1499.3,,1751.8,2015-06,,175.0,0.31
ATP,2026-01-12,239,Alexis Galarneau,26.6,1530.2,,219.0,1500.0,289.0,1417.8,207.0,1484.0,,1631.5,2024-04,,213.0,0.12
ATP,2026-01-12,240,Ricardas Berankis,35.1,1529.4,,230.0,1490.1,190.0,1527.5,180.0,1510.6,,1842.4,2011-02,,432.0,-0.59
ATP,2026-01-12,241,Luka Pavlovic,25.6,1528.7,,352.0,1369.7,205.0,1515.1,197.0,1492.2,,1635.0,2025-07,,217.0,0.1
ATP,2026-01-12,242,Alexander Ritschard,31.7,1528.0,,273.0,1454.4,167.0,1557.1,232.0,1469.4,,1695.9,2024-07,,513.0,-0.75
ATP,2026-01-12,243,Dhakshineswar Suresh,25.7,1527.0,,224.0,1496.8,343.0,1373.5,237.0,1463.5,,1616.6,2025-10,,468.0,-0.66
ATP,2026-01-12,244,Oliver Tarvet,22.0,1526.2,,241.0,1478.5,208.0,1513.1,102.0,1594.6,,1735.2,2025-08,,333.0,-0.31
ATP,2026-01-12,245,Christopher Eubanks,29.4,1523.4,,228.0,1493.0,290.0,1414.6,168.0,1524.2,,1864.8,2023-07,,285.0,-0.15
ATP,2026-01-12,246,Jay Dylan Hara Friend,21.8,1523.2,,213.0,1505.2,350.0,1366.4,242.0,1461.6,,1581.8,2025-10,,500.0,-0.71
ATP,2026-01-12,247,Juan Pablo Varillas,30.1,1523.0,,320.0,1401.6,206.0,1514.4,356.0,1389.6,,1730.0,2021-10,,253.0,-0.02
ATP,2026-01-12,248,Timofey Skatov,24.9,1519.6,,238.0,1481.2,214.0,1504.1,227.0,1471.8,,1672.0,2024-07,,195.0,0.24
ATP,2026-01-12,249,Joel Schwaerzler,19.9,1518.3,,314.0,1405.5,211.0,1504.4,245.0,1459.1,,1621.9,2024-05,,241.0,0.03
ATP,2026-01-12,250,Gregoire Barrere,31.5,1517.8,,226.0,1494.5,225.0,1490.7,172.0,1518.2,,1804.5,2020-02,,761.0,-1.11
ATP,2026-01-12,251,Kimmer Coppejans,31.7,1516.8,,253.0,1466.6,232.0,1482.3,270.0,1441.9,,1697.0,2015-04,,250.0,0.0
ATP,2026-01-12,252,Thiago Seyboth Wild,25.8,1516.3,,201.0,1515.3,215.0,1500.8,230.0,1470.3,,1793.4,2024-05,,216.0,0.15
ATP,2026-01-12,253,Stefanos Sakellaridis,21.1,1516.1,,259.0,1462.9,200.0,1520.4,182.0,1508.1,,1590.2,2025-10,,282.0,-0.11
ATP,2026-01-12,254,Marc Andrea Huesler,29.3,1514.9,,232.0,1488.7,213.0,1504.2,225.0,1472.0,,1817.0,2023-02,,252.0,0.01
ATP,2026-01-12,255,Alibek Kachmazov,23.0,1514.6,,227.0,1493.9,302.0,1408.5,241.0,1461.7,,1637.5,2025-04,,363.0,-0.35
ATP,2026-01-12,256,Stefan Kozlov,27.9,1514.2,,242.0,1477.2,238.0,1472.1,249.0,1457.0,,1724.4,2022-02,,280.0,-0.09
ATP,2026-01-12,257,Vitaliy Sachko,28.4,1513.7,,257.0,1463.5,230.0,1482.6,334.0,1403.6,,1643.5,2023-07,,166.0,0.44
ATP,2026-01-12,258,Li Tu,29.4,1511.5,,261.0,1461.6,279.0,1428.1,160.0,1528.2,,1633.5,2022-10,,390.0,-0.41
ATP,2026-01-12,259,Norbert Gombos,35.3,1510.5,,252.0,1467.2,209.0,1509.4,281.0,1436.7,,1753.2,2020-11,,315.0,-0.2
ATP,2026-01-12,260,Duje Ajdukovic,24.9,1510.3,,223.0,1497.5,223.0,1493.4,409.0,1369.1,,1687.6,2024-09,,331.0,-0.24
ATP,2026-01-12,261,Ilia Simakin,22.0,1508.4,,240.0,1478.8,353.0,1364.2,250.0,1454.2,,1616.5,2025-05,,272.0,-0.04
ATP,2026-01-12,262,Hyeon Chung,29.6,1507.6,,236.0,1484.1,180.0,1535.3,319.0,1409.7,,1991.8,2018-03,,423.0,-0.48
ATP,2026-01-12,263,Jaime Faria,22.4,1507.6,,258.0,1463.3,234.0,1477.4,176.0,1515.7,,1692.5,2024-05,,151.0,0.55
ATP,2026-01-12,264,Rio Noguchi,27.0,1506.9,,247.0,1471.0,419.0,1301.1,321.0,1408.4,,1516.0,2022-10,,246.0,0.07
ATP,2026-01-12,265,Marco Cecchinato,33.1,1505.2,,308.0,1412.6,227.0,1486.2,336.0,1402.9,,1838.6,2018-07,,230.0,0.14
ATP,2026-01-12,266,Petr Brunclik,19.3,1504.9,,235.0,1484.5,305.0,1404.5,252.0,1452.4,,1538.3,2025-11,,306.0,-0.14
ATP,2026-01-12,267,Taro Daniel,32.7,1503.7,,234.0,1484.7,243.0,1467.9,257.0,1449.5,,1766.8,2023-04,,367.0,-0.32
ATP,2026-01-12,268,Matej Dodig,20.4,1501.8,,265.0,1458.5,259.0,1451.3,254.0,1450.9,,1601.7,2024-09,,233.0,0.14
ATP,2026-01-12,269,Beibit Zhukayev,25.2,1499.6,,278.0,1451.3,367.0,1353.0,156.0,1531.9,,1640.2,2023-11,,265.0,0.01
ATP,2026-01-12,270,Dane Sweeny,24.8,1498.4,,244.0,1475.2,408.0,1314.4,350.0,1393.0,,1568.3,2024-02,,182.0,0.39
ATP,2026-01-12,271,Alex Barrena,23.2,1496.2,,402.0,1322.7,217.0,1497.3,259.0,1448.1,,1596.1,2025-07,,188.0,0.37
ATP,2026-01-12,272,Nicolas Mejia,25.9,1495.3,,300.0,1420.4,199.0,1520.7,260.0,1447.6,,1536.3,2021-07,,169.0,0.48
ATP,2026-01-12,273,Daniel Rincon,22.7,1495.0,,177.0,1540.8,278.0,1430.8,428.0,1357.9,,1613.8,2023-09,,254.0,0.07
ATP,2026-01-12,274,Pedro Cachin,30.1,1494.6,,322.0,1396.9,218.0,1497.1,376.0,1383.9,,1767.7,2023-07,,688.0,-0.92
ATP,2026-01-12,275,James Trotter,26.2,1492.4,,256.0,1465.4,311.0,1395.4,295.0,1424.0,,1658.1,2025-01,,301.0,-0.09
ATP,2026-01-12,276,Tristan Boyer,24.5,1492.0,,225.0,1494.6,249.0,1459.6,305.0,1418.4,,1753.1,2025-01,,181.0,0.42
ATP,2026-01-12,277,Lukas Neumayer,23.3,1491.5,,378.0,1350.2,224.0,1491.3,339.0,1401.4,,1600.2,2025-06,,226.0,0.2
ATP,2026-01-12,278,Calvin Hemery,30.7,1490.3,,289.0,1436.9,226.0,1488.1,345.0,1397.3,,1651.1,2015-06,,259.0,0.07
ATP,2026-01-12,279,Enzo Couacaud,30.5,1490.1,,262.0,1460.9,236.0,1474.7,206.0,1484.1,,1647.1,2020-02,,680.0,-0.89
ATP,2026-01-12,280,Nerman Fatic,31.0,1489.9,,296.0,1424.8,235.0,1474.8,238.0,1463.2,,1584.4,2023-07,,223.0,0.23
ATP,2026-01-12,281,Federico Cina,18.5,1489.0,,263.0,1459.2,239.0,1471.8,266.0,1444.5,,1644.2,2025-06,,235.0,0.18
ATP,2026-01-12,282,Yasutaka Uchiyama,33.2,1486.5,,275.0,1454.4,359.0,1359.4,289.0,1429.2,,1727.5,2019-10,,307.0,-0.08
ATP,2026-01-12,283,Jay Clarke,27.4,1486.4,,269.0,1456.4,263.0,1447.2,414.0,1364.9,,1617.4,2018-07,,178.0,0.46
ATP,2026-01-12,284,Abedallah Shelbayh,21.9,1484.6,,245.0,1475.0,337.0,1377.8,243.0,1460.0,,1648.2,2024-02,,291.0,-0.02
ATP,2026-01-12,285,Javier Barranco Cosano,27.0,1482.5,,294.0,1425.1,258.0,1453.8,264.0,1445.2,,1581.0,2024-07,,349.0,-0.2
ATP,2026-01-12,286,Murphy Cassone,23.3,1482.3,,268.0,1456.5,374.0,1345.2,293.0,1425.2,,1684.9,2025-02,,224.0,0.24
ATP,2026-01-12,287,Radu Albot,36.0,1481.3,,272.0,1454.9,245.0,1465.7,181.0,1509.5,,1823.4,2019-05,,429.0,-0.4
ATP,2026-01-12,288,Frederico Ferreira Silva,30.6,1481.0,,279.0,1450.5,271.0,1436.9,239.0,1462.8,,1642.4,2021-05,,262.0,0.09
ATP,2026-01-12,289,Andrea Collarini,33.7,1480.6,,379.0,1349.3,247.0,1464.9,423.0,1360.7,,1572.5,2019-09,,240.0,0.19
ATP,2026-01-12,290,Ryan Peniston,30.1,1478.2,,282.0,1446.5,341.0,1375.1,246.0,1458.5,,1723.2,2022-06,,219.0,0.28
ATP,2026-01-12,291,Genaro Alberto Olivieri,27.2,1478.0,,372.0,1352.1,248.0,1460.7,416.0,1363.9,,1585.6,2023-07,,231.0,0.23
ATP,2026-01-12,292,Dennis Novak,32.1,1477.4,,260.0,1461.8,250.0,1458.7,154.0,1534.8,,1758.9,2019-11,,585.0,-0.69
ATP,2026-01-12,293,Inaki Montes De La Torre,23.0,1477.2,,271.0,1455.5,332.0,1381.0,274.0,1438.6,,1529.0,2025-02,,408.0,-0.33
ATP,2026-01-12,294,Maks Kasnikowski,22.3,1477.2,,292.0,1430.1,220.0,1494.9,202.0,1488.6,,1652.1,2024-06,,419.0,-0.35
ATP,2026-01-12,295,Tom Paris,23.1,1476.7,,284.0,1442.2,318.0,1391.6,276.0,1438.3,,1497.2,2025-11,,269.0,0.09
ATP,2026-01-12,296,Gianluca Cadenasso,21.1,1476.5,,381.0,1348.3,256.0,1454.2,277.0,1438.3,,1551.1,2025-11,,,
ATP,2026-01-12,297,Max Hans Rehberg,21.6,1476.0,,267.0,1457.7,315.0,1393.7,405.0,1370.9,,1575.0,2025-02,,618.0,-0.73
ATP,2026-01-12,298,Kenta Miyoshi,21.6,1475.6,,281.0,1446.7,373.0,1347.8,278.0,1437.8,,1512.8,2025-11,,634.0,-0.75
ATP,2026-01-12,299,Sandro Kopp,25.6,1475.4,,326.0,1392.4,251.0,1458.3,279.0,1437.7,,1547.1,2025-11,,302.0,-0.01
ATP,2026-01-12,300,Remy Bertola,27.1,1473.9,,277.0,1451.7,348.0,1367.7,280.0,1437.0,,1498.9,2025-10,,255.0,0.16
ATP,2026-01-12,301,Andrej Martin,36.1,1473.0,,347.0,1374.3,264.0,1446.8,443.0,1348.8,,1674.7,2014-08,,334.0,-0.1
ATP,2026-01-12,302,Edas Butvilas,21.3,1472.9,,246.0,1472.9,354.0,1364.1,302.0,1420.4,,1672.0,2024-09,,273.0,0.1
ATP,2026-01-12,303,Jozef Kovalik,32.8,1472.8,,299.0,1421.1,246.0,1465.6,400.0,1374.3,,1721.8,2018-07,,590.0,-0.67
ATP,2026-01-12,304,Franco Agamenone,32.6,1472.7,,366.0,1356.0,257.0,1454.2,412.0,1365.3,,1707.6,2021-10,,335.0,-0.1
ATP,2026-01-12,305,Michael Geerts,30.9,1470.2,,264.0,1459.1,329.0,1383.0,388.0,1378.7,,1540.6,2023-03,,287.0,0.06
ATP,2026-01-12,306,Marat Sharipov,23.2,1469.1,,274.0,1454.4,296.0,1410.8,283.0,1434.5,,1613.9,2025-02,,303.0,0.01
ATP,2026-01-12,307,Hynek Barton,21.5,1467.1,,297.0,1423.6,261.0,1448.7,284.0,1433.6,,1544.9,2025-07,,300.0,0.02
ATP,2026-01-12,308,Juan Pablo Ficovich,28.8,1466.4,,290.0,1435.6,266.0,1443.6,267.0,1444.4,,1597.4,2020-10,,161.0,0.65
ATP,2026-01-12,309,Eliakim Coulibaly,23.5,1465.5,,286.0,1440.6,331.0,1381.6,286.0,1432.8,,1537.1,2025-05,,313.0,-0.01
ATP,2026-01-12,310,Hamish Stewart,26.3,1465.1,,317.0,1403.2,377.0,1342.5,196.0,1493.8,,1602.2,2025-08,,338.0,-0.09
ATP,2026-01-12,311,Gastao Elias,35.0,1462.9,,288.0,1437.0,272.0,1435.5,387.0,1379.8,,1737.5,2016-08,,364.0,-0.16
ATP,2026-01-12,312,Kaichi Uchida,31.3,1462.6,,287.0,1437.8,352.0,1364.7,268.0,1444.0,,1571.8,2023-02,,249.0,0.23
ATP,2026-01-12,313,Lorenzo Giustino,34.3,1460.4,,276.0,1452.8,316.0,1393.3,461.0,1336.0,,1643.8,2019-06,,210.0,0.4
ATP,2026-01-12,314,Mats Rosenkranz,27.2,1458.6,,285.0,1442.2,397.0,1322.8,341.0,1401.0,,1503.3,2025-10,,321.0,-0.02
ATP,2026-01-12,315,Oriol Roca Batalla,32.1,1456.9,,336.0,1383.4,275.0,1433.1,357.0,1389.6,,1554.6,2024-06,,410.0,-0.26
ATP,2026-01-12,316,Gauthier Onclin,24.8,1456.7,,319.0,1402.1,244.0,1467.7,288.0,1430.0,,1591.3,2023-07,,266.0,0.17
ATP,2026-01-12,317,Oliver Crawford,26.5,1456.1,,312.0,1406.2,322.0,1386.4,236.0,1466.2,,1580.7,2023-10,,203.0,0.45
ATP,2026-01-12,318,Joao Lucas Reis Da Silva,25.6,1454.1,,367.0,1355.6,262.0,1448.5,291.0,1427.1,,1531.3,2025-11,,206.0,0.43
ATP,2026-01-12,319,Antoine Ghibaudo,20.8,1453.0,,304.0,1413.8,390.0,1330.4,201.0,1488.8,,1518.9,2025-09,,348.0,-0.09
ATP,2026-01-12,320,Dimitar Kuzmanov,32.4,1452.6,,280.0,1447.7,293.0,1413.5,301.0,1421.2,,1640.1,2021-05,,263.0,0.2
ATP,2026-01-12,321,Kilian Feldbausch,20.2,1452.5,,415.0,1310.8,270.0,1437.2,292.0,1426.2,,1499.1,2024-01,,374.0,-0.15
ATP,2026-01-12,322,Henry Bernet,18.9,1446.6,,335.0,1383.5,283.0,1425.5,296.0,1423.3,,1537.6,2025-11,,509.0,-0.46
ATP,2026-01-12,323,Karue Sell,31.7,1446.2,,305.0,1413.5,294.0,1411.8,297.0,1423.1,,1529.3,2024-10,,575.0,-0.58
ATP,2026-01-12,324,Geoffrey Blancaneaux,27.2,1446.2,,311.0,1406.4,269.0,1438.4,436.0,1351.1,,1591.5,2023-05,,256.0,0.24
ATP,2026-01-12,325,Lautaro Midon,21.6,1446.1,,310.0,1411.4,312.0,1394.9,298.0,1423.0,,1498.4,2025-06,,234.0,0.33
ATP,2026-01-12,326,Ioannis Xilas,24.5,1445.6,,293.0,1428.2,237.0,1472.8,221.0,1472.8,,1652.3,2025-08,,391.0,-0.18
ATP,2026-01-12,327,Tom Gentzsch,22.3,1445.2,,323.0,1396.2,309.0,1400.1,299.0,1422.6,,1502.7,2025-10,,283.0,0.14
ATP,2026-01-12,328,Maxim Mrva,18.2,1444.4,,283.0,1446.4,328.0,1384.2,223.0,1472.2,,1619.4,2025-03,,342.0,-0.04
ATP,2026-01-12,329,Matteo Martineau,26.9,1443.7,,291.0,1432.6,355.0,1362.7,332.0,1404.1,,1624.5,2024-02,,277.0,0.17
ATP,2026-01-12,330,Hady Habib,27.2,1442.2,,318.0,1402.2,260.0,1450.7,262.0,1446.3,,1624.9,2025-05,,245.0,0.3
ATP,2026-01-12,331,Sascha Gueymard Wayenburg,22.2,1442.1,,316.0,1404.1,281.0,1426.7,369.0,1385.5,,1563.9,2025-01,,198.0,0.51
ATP,2026-01-12,332,Facundo Mena,33.1,1441.6,,369.0,1354.2,284.0,1424.2,370.0,1385.5,,1616.9,2019-09,,322.0,0.03
ATP,2026-01-12,333,Benjamin Hassan,30.9,1440.6,,332.0,1387.1,255.0,1456.2,308.0,1417.0,,1680.2,2023-10,,258.0,0.26
ATP,2026-01-12,334,Aziz Dougaz,28.3,1438.8,,307.0,1412.7,282.0,1425.7,354.0,1390.3,,1555.3,2020-02,,309.0,0.08
ATP,2026-01-12,335,Darwin Blanch,18.1,1437.9,,302.0,1415.3,406.0,1316.5,303.0,1418.9,,1466.0,2025-11,,295.0,0.13
ATP,2026-01-12,336,Murkel Alejandro Dellien Velasco,28.1,1436.7,,339.0,1381.5,286.0,1422.0,346.0,1397.2,,1602.5,2022-01,,251.0,0.29
ATP,2026-01-12,337,Antoine Escoffier,33.6,1435.7,,306.0,1413.4,455.0,1258.4,422.0,1360.8,,1628.4,2023-03,,434.0,-0.25
ATP,2026-01-12,338,Nicolas Kicker,33.2,1435.1,,351.0,1370.4,273.0,1435.1,411.0,1367.1,,1706.2,2018-05,,257.0,0.27
ATP,2026-01-12,339,David Jorda Sanchis,31.4,1435.1,,376.0,1350.5,295.0,1411.8,389.0,1378.7,,1531.3,2023-07,,385.0,-0.13
ATP,2026-01-12,340,Stuart Parker,28.2,1434.0,,309.0,1412.2,394.0,1327.0,473.0,1324.7,,1524.1,2025-03,,415.0,-0.2
ATP,2026-01-12,341,Arthur Bouquier,24.8,1433.5,,295.0,1425.0,424.0,1296.7,331.0,1404.2,,1732.0,2025-03,,229.0,0.4
ATP,2026-01-12,342,Mili Poljicak,21.1,1433.0,,436.0,1277.6,288.0,1418.7,386.0,1380.6,,1508.5,2025-05,,383.0,-0.11
ATP,2026-01-12,343,Blake Ellis,26.9,1431.6,,315.0,1404.5,396.0,1325.8,311.0,1415.8,,1490.7,2018-02,,441.0,-0.25
ATP,2026-01-12,344,Jakub Paul,26.5,1430.8,,346.0,1374.8,339.0,1377.3,312.0,1415.4,,1506.3,2025-08,,368.0,-0.07
ATP,2026-01-12,345,Paul Jubb,26.1,1429.9,,313.0,1405.6,381.0,1340.1,261.0,1447.3,,1632.1,2022-03,,360.0,-0.04
ATP,2026-01-12,346,Daniel Masur,31.1,1426.5,,321.0,1399.1,313.0,1393.8,320.0,1408.8,,1621.9,2021-03,,510.0,-0.39
ATP,2026-01-12,347,Ivan Gakhov,29.0,1425.1,,404.0,1320.9,304.0,1404.9,375.0,1384.1,,1659.6,2023-05,,261.0,0.28
ATP,2026-01-12,348,Bernabe Zapata Miralles,28.8,1421.5,,348.0,1374.0,291.0,1414.0,290.0,1427.7,,1779.9,2023-05,,462.0,-0.28
ATP,2026-01-12,349,Christoph Negritu,31.7,1420.9,,343.0,1375.7,303.0,1408.5,315.0,1410.5,,1540.2,2024-11,,359.0,-0.03
ATP,2026-01-12,350,Enrico Dalla Valle,27.6,1416.9,,390.0,1335.3,301.0,1408.6,322.0,1408.4,,1543.6,2024-07,,524.0,-0.4
ATP,2026-01-12,351,Milos Karol,22.9,1416.4,,363.0,1359.5,349.0,1367.7,323.0,1408.2,,1457.6,2025-10,,447.0,-0.24
ATP,2026-01-12,352,Yuta Shimizu,26.5,1416.3,,334.0,1384.0,425.0,1294.2,313.0,1414.8,,1590.8,2024-05,,340.0,0.03
ATP,2026-01-12,353,Filip Cristian Jianu,24.1,1416.1,,406.0,1319.9,307.0,1401.4,342.0,1399.3,,1578.5,2019-09,,278.0,0.24
ATP,2026-01-12,354,Denis Yevseyev,32.5,1415.2,,328.0,1391.1,323.0,1385.8,307.0,1417.5,,1565.7,2024-01,,379.0,-0.07
ATP,2026-01-12,355,Andre Ilagan,25.1,1415.2,,331.0,1389.5,403.0,1317.6,324.0,1407.6,,1524.7,2025-10,,352.0,0.01
ATP,2026-01-12,356,Alexey Vatutin,33.0,1415.2,,338.0,1382.0,342.0,1373.8,403.0,1371.6,,1637.3,2018-04,,371.0,-0.04
ATP,2026-01-12,357,Fajing Sun,29.2,1415.0,,327.0,1391.2,470.0,1239.1,365.0,1386.4,,1487.1,2025-07,,268.0,0.29
ATP,2026-01-12,358,Charles Broom,27.7,1414.9,,333.0,1385.0,404.0,1317.5,318.0,1409.9,,1536.4,2024-06,,304.0,0.16
ATP,2026-01-12,359,Mathys Erhard,24.1,1413.5,,342.0,1375.8,325.0,1384.7,326.0,1406.7,,1455.1,2025-11,,329.0,0.09
ATP,2026-01-12,360,Hayato Matsuoka,20.9,1413.2,,324.0,1392.9,405.0,1316.6,327.0,1406.6,,1532.2,2025-11,,405.0,-0.12
ATP,2026-01-12,361,Juan Bautista Torres,23.6,1412.9,,416.0,1308.5,308.0,1400.6,328.0,1406.4,,1586.6,2022-07,,358.0,0.01
ATP,2026-01-12,362,Oleg Prihodko,28.1,1411.9,,384.0,1345.3,327.0,1384.3,329.0,1406.0,,1514.0,2021-12,,437.0,-0.19
ATP,2026-01-12,363,Dmitry Popko,29.0,1409.5,,298.0,1423.5,364.0,1356.0,462.0,1335.0,,1631.7,2020-01,,222.0,0.49
ATP,2026-01-12,364,Jacopo Vasami,17.6,1406.3,,413.0,1313.2,319.0,1390.9,335.0,1403.2,,1452.9,2025-06,,662.0,-0.6
ATP,2026-01-12,365,Viktor Durasovic,28.6,1405.9,,325.0,1392.8,380.0,1340.4,450.0,1346.6,,1494.2,2025-02,,323.0,0.12
ATP,2026-01-12,366,Andres Andrade,26.9,1404.1,,388.0,1342.4,292.0,1413.9,338.0,1402.0,,1584.8,2024-08,,271.0,0.3
ATP,2026-01-12,367,Hernan Casanova,31.7,1403.6,,442.0,1268.1,324.0,1385.5,404.0,1371.0,,1474.0,2022-09,,365.0,0.01
ATP,2026-01-12,368,Mika Brunold,21.2,1402.2,,365.0,1358.0,335.0,1378.0,340.0,1401.1,,1510.9,2025-07,,388.0,-0.05
ATP,2026-01-12,369,Philip Henning,25.0,1400.7,,341.0,1377.6,361.0,1357.9,255.0,1450.3,,1559.8,2021-09,,326.0,0.12
ATP,2026-01-12,370,Federico Arnaboldi,25.4,1399.4,,357.0,1364.0,370.0,1349.6,408.0,1369.2,,1623.0,2024-08,,376.0,-0.02
ATP,2026-01-12,371,Harry Wendelken,24.0,1397.5,,337.0,1382.5,410.0,1308.7,434.0,1351.4,,1526.6,2025-10,,316.0,0.16
ATP,2026-01-12,372,Alex Rybakov,28.7,1395.4,,355.0,1364.5,360.0,1358.6,304.0,1418.8,,1516.5,2022-07,,281.0,0.28
ATP,2026-01-12,373,Pedro Boscardin Dias,22.8,1395.4,,474.0,1230.0,314.0,1393.8,344.0,1397.7,,1444.6,2025-10,,275.0,0.3
ATP,2026-01-12,374,Giles Hussey,28.6,1392.6,,349.0,1372.7,413.0,1306.3,426.0,1358.4,,1487.3,2025-08,,350.0,0.07
ATP,2026-01-12,375,Matheus Pucinelli De Almeida,24.6,1390.3,,447.0,1261.8,326.0,1384.4,347.0,1396.0,,1650.0,2022-03,,297.0,0.23
ATP,2026-01-12,376,Adria Soriano Barrera,26.5,1389.6,,345.0,1375.1,398.0,1322.6,348.0,1394.8,,1429.0,2025-07,,355.0,0.06
ATP,2026-01-12,377,Philip Sekulic,22.3,1388.4,,358.0,1361.4,443.0,1273.0,430.0,1356.1,,1533.1,2024-07,,519.0,-0.32
ATP,2026-01-12,378,Andres Martin,24.4,1385.0,,364.0,1359.0,300.0,1408.8,269.0,1442.5,,1603.6,2022-07,,270.0,0.34
ATP,2026-01-12,379,Samir Banerjee,22.1,1383.9,,360.0,1361.0,417.0,1302.0,351.0,1392.0,,1472.4,2025-09,,403.0,-0.06
ATP,2026-01-12,380,Santiago Fa Rodriguez Taverna,26.3,1383.8,,414.0,1312.6,333.0,1380.3,391.0,1378.6,,1672.6,2022-01,,227.0,0.52
ATP,2026-01-12,381,Tung Lin Wu,27.6,1382.6,,371.0,1352.7,298.0,1409.4,437.0,1350.7,,1605.0,2023-04,,361.0,0.05
ATP,2026-01-12,382,Mae Malige,19.7,1382.2,,361.0,1360.5,462.0,1251.7,353.0,1391.1,,1435.8,2025-10,,438.0,-0.14
ATP,2026-01-12,383,Gabi Adrian Boitan,26.3,1381.9,,374.0,1351.3,358.0,1359.9,272.0,1441.0,,1488.6,2022-03,,325.0,0.16
ATP,2026-01-12,384,Jacopo Berrettini,26.8,1380.0,,412.0,1314.2,346.0,1372.3,355.0,1390.0,,1592.3,2024-05,,299.0,0.25
ATP,2026-01-12,385,Tibo Colson,25.4,1377.3,,362.0,1359.9,454.0,1258.9,359.0,1388.7,,1397.3,2026-01,,465.0,-0.19
ATP,2026-01-12,386,Marek Gengel,30.3,1377.0,,375.0,1351.3,468.0,1243.2,445.0,1348.1,,1505.8,2023-01,,351.0,0.1
ATP,2026-01-12,387,Jie Cui,27.7,1377.0,,377.0,1350.3,465.0,1246.4,360.0,1388.5,,1491.5,2025-05,,417.0,-0.07
ATP,2026-01-12,388,Mees Rottgering,18.3,1375.8,,382.0,1346.0,317.0,1392.7,300.0,1421.3,,1486.4,2025-02,,624.0,-0.48
ATP,2026-01-12,389,Nikolas Sanchez Izquierdo,26.6,1375.7,,469.0,1238.7,356.0,1361.7,361.0,1387.8,,1517.8,2022-06,,305.0,0.24
ATP,2026-01-12,390,Robin Bertrand,22.8,1375.0,,380.0,1348.7,431.0,1290.3,362.0,1387.5,,1540.9,2024-07,,298.0,0.27
ATP,2026-01-12,391,Govind Nanda,24.4,1374.0,,373.0,1351.5,418.0,1301.6,364.0,1387.0,,1501.0,2022-09,,549.0,-0.34
ATP,2026-01-12,392,Alfredo Perez,28.4,1371.6,,393.0,1333.4,334.0,1379.7,367.0,1385.8,,1451.2,2025-10,,337.0,0.15
ATP,2026-01-12,393,Garrett Johns,24.9,1371.3,,359.0,1361.3,438.0,1283.2,368.0,1385.6,,1534.5,2025-08,,292.0,0.3
ATP,2026-01-12,394,Benoit Paire,36.3,1370.9,,383.0,1345.8,320.0,1389.9,309.0,1416.5,,1909.0,2013-05,,907.0,-0.83
ATP,2026-01-12,395,Cezar Cretu,24.5,1370.7,,350.0,1370.8,383.0,1338.2,372.0,1385.3,,1526.0,2024-09,,377.0,0.05
ATP,2026-01-12,396,Nicolas Alvarez Varona,24.3,1370.4,,329.0,1390.5,409.0,1314.4,373.0,1385.2,,1526.2,2022-11,,356.0,0.11
ATP,2026-01-12,397,Giovanni Fonio,27.3,1369.2,,340.0,1380.3,391.0,1329.5,374.0,1384.6,,1566.9,2023-02,,456.0,-0.14
ATP,2026-01-12,398,Max Houkes,25.5,1368.1,,450.0,1258.7,351.0,1365.2,441.0,1350.1,,1481.3,2025-03,,247.0,0.48
ATP,2026-01-12,399,Patrick Zahraj,26.3,1367.5,,330.0,1389.6,453.0,1259.1,349.0,1394.2,,1596.7,2025-03,,274.0,0.38
ATP,2026-01-12,400,Daniel Michalski,25.8,1366.0,,344.0,1375.3,378.0,1341.2,285.0,1433.0,,1590.8,2020-02,,260.0,0.43
ATP,2026-01-12,401,Edward Winter,21.3,1365.1,,407.0,1319.4,429.0,1292.6,316.0,1410.1,,1440.2,2025-10,,493.0,-0.21
ATP,2026-01-12,402,Cannon Kingsley,24.6,1363.6,,385.0,1344.5,448.0,1266.7,378.0,1381.8,,1468.0,2023-09,,498.0,-0.21
ATP,2026-01-12,403,Eduardo Ribeiro,27.6,1363.4,,448.0,1260.2,363.0,1356.2,379.0,1381.7,,1446.1,2023-06,,461.0,-0.13
ATP,2026-01-12,404,Stefan Dostanic,23.8,1363.3,,391.0,1335.0,430.0,1291.6,380.0,1381.6,,1383.6,2025-08,,587.0,-0.37
ATP,2026-01-12,405,Adrian Andreev,24.5,1363.0,,395.0,1330.3,347.0,1370.4,475.0,1321.5,,1642.9,2023-01,,965.0,-0.87
ATP,2026-01-12,406,Luca Potenza,25.3,1362.9,,397.0,1327.7,386.0,1335.8,382.0,1381.4,,1470.3,2022-06,,366.0,0.1
ATP,2026-01-12,407,Rodrigo Pacheco Mendez,20.6,1362.7,,368.0,1355.5,387.0,1334.1,383.0,1381.4,,1511.2,2025-06,,232.0,0.56
ATP,2026-01-12,408,Rudolf Molleker,25.0,1362.7,,405.0,1320.1,357.0,1361.0,438.0,1350.7,,1712.9,2019-06,,450.0,-0.1
ATP,2026-01-12,409,Aidan Mayo,22.2,1361.9,,370.0,1353.1,445.0,1270.6,363.0,1387.1,,1541.1,2024-11,,614.0,-0.41
ATP,2026-01-12,410,Raul Brancaccio,28.4,1361.8,,392.0,1333.6,365.0,1355.0,440.0,1350.4,,1644.9,2023-01,,411.0,0.0
ATP,2026-01-12,411,Pedro Sakamoto,32.3,1361.7,,428.0,1297.9,369.0,1351.2,385.0,1380.9,,1495.6,2019-05,,375.0,0.09
ATP,2026-01-12,412,Maximilian Neuchrist,34.1,1360.8,,401.0,1323.5,388.0,1334.1,442.0,1349.9,,1549.9,2023-04,,540.0,-0.27
ATP,2026-01-12,413,Petr Bar Biryukov,23.8,1357.4,,389.0,1335.9,433.0,1288.7,390.0,1378.7,,1488.1,2025-10,,328.0,0.23
ATP,2026-01-12,414,Khumoun Sultanov,26.9,1356.8,,386.0,1344.5,449.0,1266.5,358.0,1389.1,,1553.9,2025-02,,,
ATP,2026-01-12,415,Tsung Hao Huang,25.9,1356.1,,394.0,1330.4,434.0,1288.1,393.0,1378.1,,1406.7,2023-10,,495.0,-0.18
ATP,2026-01-12,416,Gabriele Piraino,22.0,1354.0,,449.0,1258.8,389.0,1333.0,394.0,1377.0,,1381.9,2024-07,,341.0,0.2
ATP,2026-01-12,417,Pol Martin Tiffon,26.3,1353.9,,422.0,1304.5,372.0,1348.8,452.0,1344.2,,1512.6,2025-03,,373.0,0.11
ATP,2026-01-12,418,Florent Bax,26.5,1353.7,,409.0,1317.9,400.0,1318.3,395.0,1376.9,,1449.1,2025-04,,288.0,0.37
ATP,2026-01-12,419,Michael Vrbensky,25.8,1352.5,,403.0,1321.4,395.0,1326.8,396.0,1376.2,,1576.5,2021-07,,584.0,-0.33
ATP,2026-01-12,420,Diego Dedura Palomero,17.7,1352.0,,473.0,1234.4,362.0,1356.3,397.0,1376.0,,1419.0,2025-09,,327.0,0.25
ATP,2026-01-12,421,Kaylan Bigun,19.4,1350.8,,408.0,1319.1,440.0,1275.3,398.0,1375.4,,1423.0,2025-08,,717.0,-0.53
ATP,2026-01-12,422,Henry Searle,19.7,1349.9,,411.0,1314.7,426.0,1293.0,435.0,1351.3,,1474.6,2025-06,,469.0,-0.11
ATP,2026-01-12,423,Daniel Dutra Da Silva,37.3,1349.8,,453.0,1257.4,384.0,1337.2,421.0,1361.0,,1519.5,2009-02,,339.0,0.22
ATP,2026-01-12,424,Buvaysar Gadamauri,25.3,1349.2,,398.0,1327.1,428.0,1292.7,399.0,1374.6,,1367.7,2025-11,,439.0,-0.03
ATP,2026-01-12,425,Sergey Fomin,24.9,1347.7,,421.0,1305.1,344.0,1373.2,401.0,1373.8,,1386.4,2024-07,,332.0,0.25
ATP,2026-01-12,426,Carlo Alberto Caniato,20.0,1345.7,,437.0,1277.6,371.0,1349.5,402.0,1372.9,,1451.2,2025-09,,,
ATP,2026-01-12,427,Ergi Kirkin,26.6,1343.6,,400.0,1323.7,392.0,1328.9,425.0,1358.8,,1516.7,2022-05,,564.0,-0.28
ATP,2026-01-12,428,Hiroki Moriya,35.2,1340.4,,420.0,1305.3,464.0,1248.6,448.0,1347.4,,1584.0,2012-12,,515.0,-0.19
ATP,2026-01-12,429,James Watt,25.5,1339.7,,410.0,1317.8,466.0,1244.6,337.0,1402.4,,1360.2,2026-01,,643.0,-0.4
ATP,2026-01-12,430,Matias Soto,26.5,1338.0,,434.0,1280.9,382.0,1338.5,410.0,1369.0,,1461.2,2025-03,,386.0,0.11
ATP,2026-01-12,431,Jelle Sels,30.2,1336.6,,356.0,1364.4,421.0,1299.6,495.0,1264.6,,1640.8,2022-11,,345.0,0.22
ATP,2026-01-12,432,Miguel Tobon,19.4,1335.3,,399.0,1324.4,401.0,1318.0,392.0,1378.6,,1600.3,1995-09,,593.0,-0.32
ATP,2026-01-12,433,Maxime Janvier,29.0,1333.7,,426.0,1302.3,422.0,1299.0,413.0,1365.1,,1601.5,2019-09,,529.0,-0.2
ATP,2026-01-12,434,Tyler Zink,24.9,1333.5,,418.0,1307.6,460.0,1255.1,381.0,1381.6,,1473.9,2025-10,,294.0,0.39
ATP,2026-01-12,435,Neil Oberleitner,26.4,1329.0,,429.0,1297.3,439.0,1276.5,415.0,1364.5,,1378.0,2024-07,,425.0,0.02
ATP,2026-01-12,436,Omar Jasika,28.6,1326.4,,419.0,1306.2,452.0,1260.1,496.0,1257.7,,1669.1,2017-02,,330.0,0.28
ATP,2026-01-12,437,Maximus Jones,21.3,1325.8,,425.0,1302.4,414.0,1305.4,418.0,1362.9,,1524.4,2025-04,,378.0,0.15
ATP,2026-01-12,438,Dan Martin,26.6,1325.4,,433.0,1286.3,420.0,1300.9,463.0,1334.8,,1374.1,2025-11,,400.0,0.09
ATP,2026-01-12,439,Andrea Picchione,27.2,1324.4,,443.0,1266.5,415.0,1305.2,419.0,1362.2,,1366.1,2024-04,,393.0,0.11
ATP,2026-01-12,440,Franco Roncadelli,25.7,1323.8,,478.0,1226.5,402.0,1317.7,420.0,1361.9,,1399.7,2025-06,,346.0,0.24
ATP,2026-01-12,441,Patrick Maloney,25.6,1320.7,,439.0,1273.3,399.0,1322.0,406.0,1370.7,,1467.5,2025-07,,353.0,0.22
ATP,2026-01-12,442,Aleksandre Bakshi,28.3,1320.0,,431.0,1295.3,297.0,1410.0,317.0,1410.0,,1613.0,2024-07,,545.0,-0.21
ATP,2026-01-12,443,Guido Ivan Justo,27.9,1317.8,,463.0,1244.5,411.0,1307.6,424.0,1358.9,,1342.6,2025-11,,372.0,0.17
ATP,2026-01-12,444,Renzo Olivo,33.2,1317.5,,430.0,1296.5,427.0,1292.8,467.0,1330.5,,1643.4,2015-02,,511.0,-0.14
ATP,2026-01-12,445,Robert Strombachs,26.3,1316.6,,396.0,1328.4,447.0,1266.9,427.0,1358.3,,1479.9,2025-05,,398.0,0.11
ATP,2026-01-12,446,Gonzalo Villanueva,30.8,1315.2,,480.0,1220.9,423.0,1297.8,429.0,1357.6,,1454.7,2022-05,,344.0,0.26
ATP,2026-01-12,447,Luciano Emanuel Ambrogi,21.9,1310.6,,484.0,1206.4,412.0,1306.8,431.0,1355.3,,1410.3,2024-09,,435.0,0.03
ATP,2026-01-12,448,Lukas Pokorny,23.2,1310.5,,427.0,1300.8,450.0,1262.6,432.0,1355.3,,1435.5,2025-05,,532.0,-0.17
ATP,2026-01-12,449,Juan Manuel La Serna,21.8,1309.5,,432.0,1295.2,435.0,1286.6,433.0,1354.7,,1340.2,2025-11,,433.0,0.04
ATP,2026-01-12,450,Olaf Pieczkowski,21.6,1309.2,,423.0,1304.3,407.0,1314.8,330.0,1404.6,,1621.0,2023-11,,457.0,-0.02
ATP,2026-01-12,451,Eero Vasa,28.9,1308.0,,424.0,1304.2,446.0,1270.5,333.0,1404.0,,1415.6,2016-03,,473.0,-0.05
ATP,2026-01-12,452,Corentin Denolly,28.5,1305.8,,455.0,1254.6,444.0,1271.8,456.0,1339.6,,1455.6,2025-03,,399.0,0.12
ATP,2026-01-12,453,Mateus Alves,24.8,1301.4,,491.0,1180.4,416.0,1302.9,439.0,1350.7,,1422.1,2024-11,,460.0,-0.02
ATP,2026-01-12,454,Miguel Damas,25.9,1296.8,,456.0,1254.5,442.0,1274.9,444.0,1348.4,,1321.7,2025-11,,318.0,0.36
ATP,2026-01-12,455,Max Alcala Gurri,23.1,1295.7,,462.0,1245.1,441.0,1275.3,446.0,1347.9,,1332.3,2022-04,,381.0,0.18
ATP,2026-01-12,456,Renta Tokuda,27.7,1295.4,,440.0,1270.5,482.0,1208.9,447.0,1347.7,,1380.8,2018-05,,324.0,0.34
ATP,2026-01-12,457,Daniel Milavsky,24.1,1295.2,,438.0,1275.4,456.0,1257.6,471.0,1328.4,,1383.0,2025-11,,397.0,0.14
ATP,2026-01-12,458,Masamichi Imamura,27.0,1293.3,,445.0,1263.0,458.0,1256.7,449.0,1346.7,,1394.5,2024-11,,534.0,-0.15
ATP,2026-01-12,459,Christian Langmo,29.5,1292.0,,446.0,1262.3,492.0,1164.6,451.0,1346.0,,1411.8,2023-04,,347.0,0.28
ATP,2026-01-12,460,Dali Blanch,22.7,1285.4,,492.0,1172.1,385.0,1336.3,453.0,1342.7,,1464.6,2025-08,,452.0,0.02
ATP,2026-01-12,461,Naoki Nakagawa,28.7,1284.8,,441.0,1268.7,494.0,1146.6,454.0,1342.4,,1327.7,2024-09,,724.0,-0.45
ATP,2026-01-12,462,Carlos Sanchez Jover,25.3,1280.9,,479.0,1224.4,451.0,1261.0,455.0,1340.5,,1440.5,2023-09,,317.0,0.38
ATP,2026-01-12,463,Max Wiskandt,23.7,1278.4,,470.0,1238.5,437.0,1284.8,483.0,1312.0,,1454.0,2025-04,,442.0,0.05
ATP,2026-01-12,464,Alexandr Binda,24.1,1277.6,,452.0,1258.1,463.0,1248.8,457.0,1338.8,,1450.9,2025-07,,445.0,0.04
ATP,2026-01-12,465,Karan Singh,22.5,1277.3,,466.0,1240.6,436.0,1285.5,458.0,1338.6,,1339.8,2025-02,,470.0,-0.01
ATP,2026-01-12,466,Conner Huertas Del Pino,29.5,1275.6,,435.0,1280.3,467.0,1244.5,459.0,1337.8,,1354.2,2025-04,,729.0,-0.45
ATP,2026-01-12,467,Olle Wallin,24.0,1275.2,,471.0,1237.1,432.0,1289.8,460.0,1337.6,,1488.2,2025-07,,443.0,0.05
ATP,2026-01-12,468,Blaise Bicknell,23.9,1272.5,,451.0,1258.2,461.0,1252.9,366.0,1386.2,,1587.2,2024-02,,487.0,-0.04
ATP,2026-01-12,469,Vadym Ursu,28.8,1268.0,,457.0,1249.9,486.0,1190.2,482.0,1312.9,,1281.3,2025-11,,427.0,0.09
ATP,2026-01-12,470,Aristotelis Thanos,24.6,1267.4,,454.0,1254.6,393.0,1328.2,377.0,1383.7,,1576.3,2025-02,,492.0,-0.05
ATP,2026-01-12,471,Lucas Poullain,29.8,1265.4,,461.0,1246.4,475.0,1229.9,464.0,1332.7,,1590.8,2023-10,,402.0,0.16
ATP,2026-01-12,472,Tiago Pereira,21.5,1263.6,,464.0,1242.9,457.0,1257.2,465.0,1331.8,,1406.9,2025-08,,264.0,0.58
ATP,2026-01-12,473,Kasidit Samrej,24.9,1261.9,,472.0,1236.5,375.0,1345.1,384.0,1381.0,,1424.3,2019-04,,413.0,0.14
ATP,2026-01-12,474,Juan Alejandro Hernandez Serrano,26.4,1259.6,,459.0,1249.3,481.0,1215.0,468.0,1329.8,,1300.9,2025-06,,409.0,0.15
ATP,2026-01-12,475,Taha Baadi,24.3,1259.1,,458.0,1249.7,473.0,1235.9,491.0,1293.8,,1300.1,2025-09,,570.0,-0.18
ATP,2026-01-12,476,Pedro Araujo,23.6,1257.4,,468.0,1240.1,483.0,1206.6,469.0,1328.7,,1307.5,2025-01,,694.0,-0.38
ATP,2026-01-12,477,Aryan Shah,20.1,1257.1,,460.0,1247.3,471.0,1237.1,470.0,1328.6,,1524.6,2025-07,,394.0,0.19
ATP,2026-01-12,478,Roberto Cid,32.0,1254.2,,444.0,1263.4,480.0,1221.8,466.0,1331.5,,1621.4,2018-06,,431.0,0.1
ATP,2026-01-12,479,Andrew Fenty,25.6,1252.5,,475.0,1229.6,472.0,1236.2,472.0,1326.2,,1296.1,2025-10,,458.0,0.04
ATP,2026-01-12,480,Maxime Chazal,32.7,1248.6,,493.0,1168.2,469.0,1239.4,474.0,1324.3,,1382.8,2015-09,,577.0,-0.18
ATP,2026-01-12,481,Saba Purtseladze,24.2,1242.3,,476.0,1229.5,488.0,1177.0,486.0,1299.2,,1466.8,2025-05,,286.0,0.52
ATP,2026-01-12,482,Moerani Bouzige,26.4,1238.8,,482.0,1210.8,476.0,1229.4,476.0,1319.4,,1416.7,2024-12,,467.0,0.03
ATP,2026-01-12,483,Kokoro Isomura,22.8,1238.0,,483.0,1210.4,477.0,1229.0,477.0,1319.0,,1428.8,2024-11,,557.0,-0.14
ATP,2026-01-12,484,Pierluigi Basile,18.8,1237.0,,488.0,1188.6,459.0,1256.2,478.0,1318.5,,1426.9,2025-06,,702.0,-0.37
ATP,2026-01-12,485,Mariano Kestelboim,29.7,1234.5,,487.0,1188.7,479.0,1225.3,479.0,1317.2,,1312.1,2025-06,,406.0,0.18
ATP,2026-01-12,486,Karl Poling,26.3,1232.7,,465.0,1242.0,484.0,1201.2,492.0,1274.7,,1280.8,2025-11,,600.0,-0.21
ATP,2026-01-12,487,San Hui Sin,28.8,1231.9,,481.0,1217.6,478.0,1226.0,480.0,1316.0,,1314.1,2025-08,,354.0,0.32
ATP,2026-01-12,488,Federico Bondioli,20.5,1227.7,,490.0,1182.9,474.0,1231.6,481.0,1313.9,,1422.6,2025-06,,440.0,0.1
ATP,2026-01-12,489,Dominik Kellovsky,29.3,1218.7,,477.0,1229.5,493.0,1162.8,484.0,1309.4,,1297.2,2017-07,,561.0,-0.14
ATP,2026-01-12,490,Bruno Kuzuhara,21.6,1215.5,,486.0,1195.0,487.0,1184.9,485.0,1307.7,,1335.1,2024-07,,531.0,-0.08
ATP,2026-01-12,491,Alex Marti Pujolras,26.5,1197.4,,467.0,1240.2,489.0,1172.4,487.0,1298.7,,1359.7,2023-04,,505.0,-0.03
ATP,2026-01-12,492,Lorenzo Carboni,19.6,1195.3,,494.0,1155.0,485.0,1198.6,488.0,1297.7,,1325.2,2023-08,,422.0,0.15
ATP,2026-01-12,493,Leo Borg,22.5,1189.8,,489.0,1183.9,496.0,1137.6,489.0,1294.9,,1211.0,2025-10,,533.0,-0.08
ATP,2026-01-12,494,Sebastian Gima,23.5,1188.7,,485.0,1204.4,490.0,1167.1,490.0,1294.4,,1251.0,2025-08,,535.0,-0.08
ATP,2026-01-12,495,Lorenzo Joaquin Rodriguez,26.1,1148.6,,495.0,1150.5,495.0,1142.0,493.0,1274.3,,1362.4,2024-04,,446.0,0.1
ATP,2026-01-12,496,Matthew Dellavedova,25.6,1139.7,,497.0,1128.1,497.0,1133.1,494.0,1269.9,,1201.5,2024-01,,518.0,-0.04
ATP,2026-01-12,497,Juan Carlos Aguilar,27.0,1112.1,,498.0,1068.9,491.0,1165.7,497.0,1256.0,,1243.9,2025-01,,606.0,-0.2
ATP,2026-01-12,498,Tristan Mccormick,26.6,1109.8,,496.0,1131.3,498.0,1096.3,498.0,1224.4,,1286.0,2023-06,,502.0,-0.01
ATP,2026-01-12,Elo RankPlayerAgeElo hElo RankhElocElo RankcElogElo RankgElo Peak EloPeak Month ATP RankLog diff 1Jannik Sinner24.22293.212245.222153.922075.02329.62025-012-0.69 2Carlos Alcaraz22.52272.822188.912216.612139.72296.42025-0910.69 3Novak Djokovic38.42089.932041.631997.431950.22463.22016-054-0.29 4Alexander Zverev28.62038.641994.341991.961874.22176.52022-0130.29 5Alex De Minaur26.82004.361953.7101899.391838.12053.12024-066-0.18 6Daniil Medvedev29.91994.051960.581911.751876.12201.22022-0112-0.69 7Taylor Fritz28.11990.881931.1111877.941919.52070.22025-099-0.25 8Felix Auger Aliassime25.31978.871944.8121860.3101790.72062.72022-1070.13 9Lorenzo Musetti23.81973.8111895.951981.381852.92050.52025-0550.59 10Alexander Bublik28.51973.4141885.291910.771855.71976.52025-10100 11Casper Ruud27.01950.5151884.261947.3411698.52071.92022-0513-0.17 12Ben Shelton23.01947.5101899.3161840.0131789.32024.42025-0880.41 13Jack Draper23.61932.4131890.1221816.6191753.52103.82025-04110.17 14Joao Fonseca19.11931.991910.2231810.3371707.21992.52025-0330-0.76 15Learner Tien20.01926.9121890.51211615.8381705.71952.32026-0127-0.59 16Jiri Lehecka24.11916.3161865.4261795.0111790.61989.92025-1019-0.17 17Alejandro Davidovich Fokina26.51905.5181856.9201822.0251730.51934.82025-07150.13 18Sebastian Korda25.51886.2191843.3321766.2141775.32020.72023-0151-1.04 19Stefanos Tsitsipas27.31886.0201839.071914.4311717.02145.12021-0533-0.55 20Andrey Rublev28.21882.2211838.8131849.3121790.52122.12021-04140.36 21Karen Khachanov29.61878.5251819.6171835.2161767.42029.52018-10170.21 22Hubert Hurkacz28.81875.8281815.7271783.6181754.82022.52024-0653-0.88 23Francisco Cerundolo27.21875.4221832.3141846.0591659.91961.62025-04200.14 24Arthur Fils21.11872.6341795.5151842.4281722.41985.32025-0442-0.56 25Ugo Humbert27.51869.2171861.6421732.4301720.72017.72024-0336-0.36 26Grigor Dimitrov34.61854.7271817.8361755.1391701.62111.52014-0845-0.55 27Jakub Mensik20.31854.2231824.2351757.6441688.41968.72025-04180.41 28Flavio Cobolli23.61853.5381781.9211818.6231739.01895.62025-07220.24 29Matteo Berrettini29.51852.4301801.5181830.7201749.52065.72022-0756-0.66 30Cameron Norrie30.31850.5351791.1191826.0211746.02028.62022-08280.07 31Tommy Paul28.61848.9391780.7241807.5291721.82028.82025-05210.39 32Gael Monfils39.01848.2241823.1621713.0531674.22087.12016-10110-1.23 33Corentin Moutet26.51844.1401775.7341765.0241738.31881.92025-1034-0.03 34Brandon Nakashima24.41843.9311799.8381735.5221744.31909.52024-09290.16 35Valentin Vacherot27.11840.4261819.0661709.51171574.21867.22025-10320.09 36Raphael Collignon23.91833.2291806.2671709.4821614.11851.12026-0172-0.69 37Zizou Bergs26.51828.6331795.8701705.0501677.61859.22025-0343-0.15 38Tallon Griekspoor29.41827.4451766.5291775.4151770.81951.82025-06250.42 39Arthur Rinderknech30.41826.2411775.7411733.3431693.31871.82025-10260.41 40Frances Tiafoe27.91818.4421775.4301774.3341710.01974.02023-06310.25 41Alexander Blockx20.71818.2361789.01021645.5621654.11818.22026-0195-0.84 42Jenson Brooksby25.01817.6471762.2391735.0321716.22005.32022-0348-0.13 43Gabriel Diallo24.21815.2551741.2401733.6331712.81889.22025-06410.05 44Denis Shapovalov26.71812.8321795.9551721.6641651.91983.22020-01230.65 45Tomas Machac25.21809.2371786.6611714.6511677.51972.72025-04350.25 46Holger Rune22.41806.9431774.5281778.7561663.42082.02023-05161.06 47Alex Michelsen21.31805.8461764.0981652.7401700.51904.82025-01370.24 48Rafael Jodar19.31799.4441769.61291610.3961599.71824.92026-01150-1.14 49Jaume Munar28.61797.4531741.6481726.7701633.51830.42025-10380.25 50Marton Fucsovics33.91793.3541741.5491726.4271728.41924.22021-0355-0.10 51Marin Cilic37.21791.2511742.4651711.4171766.42100.42010-0270-0.32 52Roberto Bautista Agut37.31790.9651724.8441730.8261729.52033.82016-0290-0.55 53Arthur Cazaux23.31786.9621731.1721699.8611655.71811.92025-1067-0.23 54Alexei Popyrin26.41784.9611731.6311766.5691636.61902.22024-10490.10 55Nuno Borges28.81784.8481757.1511722.9771626.81843.62025-03460.18 56Yibing Wu26.21784.5491755.01091637.11131578.81882.92023-03168-1.10 57Tomas Martin Etcheverry26.41783.8501745.7521722.61211571.31871.72023-0561-0.07 58Fabian Marozsan26.21783.6591731.8431731.91041593.01867.22024-04520.11 59Kamil Majchrzak29.91783.0521741.7471726.8521677.11813.12025-10580.02 60Marcos Giron32.41781.7581732.5931662.5361707.71874.12025-03600 61Lorenzo Sonego30.61778.3571733.9781691.2481680.11895.32021-05400.42 62Alejandro Tabilo28.51776.4641726.6461727.7451686.61895.72024-0781-0.27 63Matteo Arnaldi24.81775.6601731.7331765.41071589.11902.92024-0665-0.03 64Jordan Thompson31.71774.5561735.71321605.7351709.71891.22024-12111-0.55 65Giovanni Mpetshi Perricard22.41770.4671723.4791690.7551667.51862.82024-12630.03 66Jan Lennard Struff35.61761.6761701.7601717.2631654.11935.12024-0784-0.24 67Reilly Opelka28.31761.2661724.7821687.7671640.71927.52022-04620.08 68Luciano Darderi23.71760.91421592.9251795.91111581.61857.02024-06241.04 69Juncheng Shang20.91759.0701712.01001646.8601657.41895.72024-09311-1.51 70Yannick Hanfmann34.11759.0751701.9591717.3731631.81843.42023-06101-0.37 71Benjamin Bonzi29.51752.5681718.51231614.0651645.41835.82022-06106-0.40 72Daniel Altmaier27.31751.3801689.4531721.81251568.41789.12021-08440.49 73Kei Nishikori36.01748.4721707.51071638.1871608.32194.22016-08237-1.18 74Pablo Carreno Busta34.41747.2631727.7681708.31221571.32005.12021-0892-0.22 75Leandro Riedi23.51746.8711712.01411595.9541671.21823.32023-01180-0.88 76Ethan Quinn21.81745.2771698.6901669.1801620.71803.92025-0578-0.03 77Alexandre Muller28.91745.2861682.9451728.41311556.71801.72025-05500.43 78Eliot Spizzirri24.01743.5731705.91611562.7911603.81785.62025-1189-0.13 79Botic Van De Zandschulp30.21740.9741705.6831686.21051591.41938.02022-09750.05 80Borna Coric28.71740.9821686.4501726.3711633.52011.62019-01123-0.43 81Ignacio Buse21.61739.31461588.5541721.81441543.11834.02025-0999-0.20 82Miomir Kecmanovic26.31735.8811687.2811689.0741629.61900.62022-04590.33 83Hamad Medjedovic22.21732.9831685.0711703.0971599.21844.22025-0496-0.15 84Roman Safiullin28.01731.1691718.1911669.1931600.81911.32024-01172-0.72 85David Goffin34.81730.7851683.7731696.1461682.12048.72017-04117-0.32 86Valentin Royer24.61727.4881670.2921663.9681639.51800.22025-10570.41 87Francisco Comesana25.21723.5961660.3761694.11161574.71761.92025-08680.25 88Yoshihito Nishioka30.21721.8781695.71111634.81321556.41884.72023-01114-0.26 89Cristian Garin29.61720.31131625.5561721.5661644.01889.62019-04800.11 90Dominik Koepfer30.71719.9891669.9631712.3831613.01822.72024-03508-1.73 91Michael Zheng21.91719.2791690.62421469.61471540.21777.32025-09174-0.65 92Dino Prizmic20.31715.5971655.5751695.11341553.91783.62025-09127-0.32 93Jacob Fearnley24.41713.3931664.3741696.1781625.61910.02024-10770.19 94Adrian Mannarino37.51712.8871675.11921526.6471680.31896.32018-01690.31 95Patrick Kypson26.11710.8841685.01501585.71731517.61732.42026-01116-0.20 96Zhizhen Zhang29.21710.81051640.2571720.1891606.41830.92024-09362-1.33 97Zachary Svajda22.71709.91081635.62031516.5421697.11769.02023-10143-0.39 98Laslo Djere30.51708.41171624.3371738.81141576.81854.62023-09910.07 99Jesper De Jong25.51708.11001644.8691706.21531535.01741.02025-10730.30 100Sebastian Baez25.01707.41071638.5771692.11711520.21941.42022-07390.94 101Pablo Llamas Ruiz22.91700.01471586.4841678.81451541.21733.12023-08212-0.74 102Camilo Ugo Carabelli26.51699.71361598.6641712.02351466.51771.92025-05470.77 103Nicolas Jarry30.21698.31121628.0861675.2581660.21903.02023-10133-0.26 104Mackenzie Mcdonald30.51697.7941663.41731545.1901605.31847.62023-03113-0.08 105Stan Wawrinka40.71696.3901666.01051643.1981599.02145.52016-01139-0.28 106Mariano Navone24.81696.11731548.7581718.01791512.81875.92024-04740.36 107Terence Atmane23.91693.5951662.11301608.81511536.71760.22025-09640.51 108Roman Andres Burruchaga23.71689.61781538.1891671.61271560.51701.42025-111030.05 109Hugo Gaston25.21688.6921664.91131631.41241568.51795.12021-11940.15 110Damir Dzumhur33.61687.01101632.3851676.31301556.81895.82017-09660.51 111Aleksandar Vukic29.71684.71021643.61551570.9951600.21773.32025-01870.24 112Otto Virtanen24.41684.21091633.41981521.6491679.61768.82024-03126-0.12 113Coleman Wong21.51680.81031643.12331478.01501536.81685.92026-01132-0.16 114Nikoloz Basilashvili33.81679.01041640.61241613.5761627.11889.82019-011050.08 115Quentin Halys29.11678.21061639.01011645.8811620.61811.42023-04850.30 116Nishesh Basavareddy20.61677.2981654.62401471.11691522.01856.62025-01239-0.72 117Vit Kopriva28.51676.81241618.1951658.11201571.91760.52025-051000.16 118Christopher Oconnell31.51673.8911665.51281611.51461541.01814.12025-031180 119Dalibor Svrcina23.01673.2991647.01461589.51851505.61712.92025-04930.25 120Roberto Carballes Baena32.71673.01151624.6971653.61641526.31788.12024-07147-0.20 121Lloyd Harris28.81672.91181623.81561569.8721633.41896.02021-10221-0.60 122Jerome Kym22.61671.11011644.41361601.01781513.21738.02024-10186-0.42 123Juan Manuel Cerundolo24.01669.11511578.0871673.22531451.91774.82021-10830.39 124Sebastian Ofner29.61668.51521576.8881672.7841612.91812.72024-01131-0.05 125Alexander Shevchenko25.11666.01311610.51081637.42181475.81792.02024-021040.18 126Arthur Fery23.31665.41141625.42671442.71981491.11715.72025-10185-0.38 127Bu Yunchaokete23.91659.71231618.31401596.62241472.11834.92024-091200.06 128Giulio Zeppieri23.91659.51111629.81471589.1991597.71691.22022-07156-0.20 129Richard Gasquet38.91659.21251617.41191617.5941600.52059.52016-05319-0.91 130Guy Den Ouden23.41657.43531368.3941659.82001489.11722.82025-08160-0.21 131Mattia Bellucci24.51656.81281615.01751541.5921602.61814.32024-10760.54 132Tomas Barrios Vera28.01655.41711550.81061639.61001595.81710.32023-071070.21 133Zsombor Piros26.21654.91481586.11101637.01391549.41731.02023-04170-0.25 134Emilio Nava24.01654.41371596.41331605.41361550.91738.22025-09880.42 135James Duckworth33.91654.31221619.91761539.91191574.01785.92021-11860.45 136Nicolai Budkov Kjaer19.31653.41191623.21391597.21631526.51749.32025-101350.01 137Sho Shimabukuro28.41652.41261615.62011518.11061589.31692.52023-09144-0.05 138Rinky Hijikata24.81650.71291613.32281482.91081585.71744.92025-011150.18 139Kyrian Jacquet24.61649.71161624.61701548.61401547.71735.12025-021280.08 140Alex Molcan27.91649.71301611.11151620.41231569.51872.52022-07205-0.38 141Jason Kubler32.51649.21381596.21431595.6571661.71790.02022-07192-0.31 142Gilles Arnaud Bailly20.01648.51331604.51591567.21181574.21656.42025-10207-0.38 143Dusan Lajovic35.51648.31621567.41031644.71871501.71854.62018-101250.13 144Aleksandar Kovacevic27.31646.11201622.32121504.21911499.01758.82024-04540.98 145Andrea Vavassori30.31644.81321606.11171619.11751516.41734.82023-04336-0.84 146Toby Samuel23.31644.11211622.32761432.01651526.01684.52026-01248-0.53 147Nicolas Moreno De Alboran28.41641.91271615.41531577.81671524.31687.72024-11633-1.46 148Luka Mikrut21.51641.32551466.1961657.81701520.61735.42025-10163-0.10 149Jan Choinski29.41641.12051512.61041643.92821436.51669.32025-111240.18 150Mark Lajal22.61639.61351598.92041515.1881607.41685.32025-07153-0.02 151Filip Misolic24.41638.52031514.5801689.51291556.91829.42025-07820.61 152Pedro Martinez28.61636.41391595.01181617.92121479.61844.32022-04710.76 153Aslan Karatsev31.91633.51411593.31121631.91931497.51964.62021-05672-1.48 154Michael Mmoh27.91631.41341600.81951525.61551532.51762.32017-02228-0.39 155Vilius Gaubas20.81628.82221498.11311608.11351553.11718.52025-051290.18 156Chris Rodesch24.41628.21611567.71481586.21091583.91650.42026-01208-0.29 157Martin Landaluce19.91627.81401594.81971522.2851612.21741.82024-101490.05 158Luca Nardi22.41627.71431592.81491586.02561450.01724.62024-041080.38 159Yosuke Watanuki27.51627.51451590.91451590.61121580.71798.22023-05162-0.02 160Harold Mayot23.91627.31441591.31381597.71611527.81701.92024-061590.01 161Carlos Taberner28.21625.82661458.41271612.42711441.11725.02021-10980.50 162Francesco Passaro24.81623.11561574.61251613.02341467.91779.02022-081400.15 163Fabio Fognini38.11622.91601568.71161620.01331554.32003.82014-04 164Daniel Evans35.21621.11491584.61831532.8861608.41902.52021-04187-0.13 165Marco Trungelliti35.71621.12141504.61141627.62151478.41693.12018-071300.24 166Adolfo Daniel Vallejo21.51620.03031415.21221614.81281560.01620.02025-111460.13 167Alex Bolt32.81615.81581569.63451372.91031593.31688.92019-03171-0.02 168Titouan Droguet24.51615.61741545.2991647.01371550.91722.42025-071550.08 169Elmer Moller22.41612.52431475.61351602.31521535.31741.12025-041190.35 170Adam Walton26.71608.71551576.62541456.52201473.81747.12025-04790.77 171Alvaro Guillen Meza22.81607.63871344.31421595.72081483.81627.02025-11193-0.12 172Borna Gojo27.81607.31501580.21261612.62871430.41800.22023-10284-0.50 173Ugo Blanchet27.01607.31541576.71881528.32111481.21662.12025-081420.20 174Gustavo Heide23.81606.42701456.31341604.12221472.71661.12024-07238-0.31 175Emil Ruusuvuori26.61606.11531576.81651558.31151576.41893.22023-06544-1.13 176Shintaro Mochizuki22.51603.21801534.11891528.0751629.41714.92025-101120.45 177Francesco Maestrelli23.01598.81591569.41721545.22651444.91711.42022-071410.23 178Jurij Rodionov26.61597.01631565.71691549.71771515.11702.12023-061670.06 179Clement Chidekh24.51595.51571570.72991409.31921497.81695.52024-03215-0.18 180Marko Topo22.11594.61681557.71861530.11841506.51663.92022-04236-0.27 181Thiago Agustin Tirante24.51594.21661558.61541574.32041485.61707.72025-081020.57 182Luca Van Assche21.61593.01641565.41681554.51881501.41801.52023-041650.10 183Matteo Gigante23.71591.81811533.61371598.02481457.11709.52025-051520.19 184Yi Zhou20.81591.21651564.53211387.41951495.61602.82026-01244-0.28 185Facundo Bagnis35.51590.72041512.91511583.84171363.21737.02021-07389-0.74 186Hugo Grenier29.61589.31671558.32651446.22141478.71734.02022-091790.04 187Lukas Klein27.71588.22021514.81201617.51381550.81777.52024-031360.32 188Hugo Dellien32.31586.12511469.21581567.32511453.81779.82022-051370.32 189Cedrik Marcel Stebe35.21582.01691554.21661557.62171476.11824.72017-09320-0.53 190Daniel Elahi Galan29.51581.21831529.51711548.31741517.61757.52022-091540.21 191Rei Sakamoto19.51580.01761544.82771431.21991490.01656.22025-07202-0.06 192Federico Coria33.41580.02481470.71641558.53521391.71754.42021-07267-0.33 193Daniil Glinka25.61577.31721549.41781538.61481538.61607.42025-11199-0.03 194Martin Damm22.01574.41701553.43661354.51011595.31767.91999-111770.09 195Maximilian Marterer30.11574.41871525.51601563.91831507.91815.12018-06742-1.34 196Felipe Meligeni Alves27.31574.02491470.21571569.81431545.51695.32023-10225-0.14 197Daniel Merida Aguilar21.11570.82201499.71741544.12051485.41669.82025-091640.18 198Chun Hsin Tseng24.21567.42121505.21521581.73141411.91715.62022-041220.48 199Ilya Ivashka31.41566.91841528.71441591.91581530.91922.52021-09791-1.38 200Tristan Schoolkate24.81564.01931520.23761345.01261567.81703.12025-07970.72 201Constant Lestienne33.11563.61791534.72741433.62471457.51781.32023-01404-0.70 202August Holmgren27.41563.12091507.72871421.3791621.81677.92021-091910.06 203Arthur Gea21.01562.81821533.12291482.92101481.41562.82026-011970.03 204Mikhail Kukushkin38.01562.71891524.21811534.31491538.61864.22010-10293-0.36 205Facundo Diaz Acosta25.01560.72371483.71621561.83101416.31791.92024-02243-0.17 206Pierre Hugues Herbert34.81559.61751544.82161497.61591529.81867.92019-061570.27 207Stefano Travaglia33.81558.01911520.91851531.52631446.01793.82021-021890.09 208Albert Ramos37.71557.71941520.01931526.12941424.11889.02017-04395-0.64 209Colton Smith22.81556.11981515.72411470.01411546.91837.62025-061480.35 210Henrique Rocha21.71555.51861527.41911527.32091483.61637.62024-091580.28 211Liam Draxl24.01555.21951519.32071513.32751438.31699.62025-071450.38 212James Mccabe22.51553.82001515.43791340.41661526.01584.12025-031730.20 213Andrea Pellegrino28.61552.43541364.81631558.63431398.11644.12025-061380.43 214Dan Added26.71551.31901521.23361377.92191475.61565.52025-112000.07 215Jack Pinnington Jones22.71551.22391480.92801427.21101583.01640.92025-071960.09 216Thiago Monteiro31.31550.81881524.21771539.52401462.21748.22024-051940.11 217Pavel Kotov26.91550.41991515.51821534.02131479.21797.12024-05483-0.80 218Sumit Nagal28.31548.61961518.11871529.33251406.81745.22019-09279-0.25 219Billy Harris30.91548.52161504.52851422.61621526.61711.42024-061210.59 220Alejandro Moro Canas24.81548.31921520.22101506.11941497.51673.52024-07242-0.10 221Zdenek Kolar29.21547.52541466.21791536.82291470.41621.12021-091760.23 222Bernard Tomic33.21544.32151504.52531456.51421546.81947.42015-031840.19 223Henri Squire25.01543.92501469.71841532.63711385.41670.02024-06276-0.21 224Trevor Svajda19.41543.62081510.03301381.82261471.81625.42025-09380-0.53 225Justin Engel18.21542.32171502.63061401.71891500.21607.82025-111830.21 226Gonzalo Bueno21.61542.34171307.71941526.02281471.21602.22025-112140.05 227Federico Agustin Gomez28.91540.41851528.52311482.52161478.21668.62024-091900.18 228Juan Carlos Prado Angelo20.71539.23011416.81961525.22311469.61611.62025-102090.09 229Clement Tabur25.91538.91971516.82521456.72731439.01565.22025-062010.13 230Moez Echargui32.81536.62061511.22681442.62331468.31647.02025-091340.54 231Yu Hsiou Hsu26.61536.32101506.63101398.14071369.61648.02023-112200.05 232Stefano Napolitano30.61535.82331487.62021518.12031486.71662.12024-05448-0.66 233Dominic Stricker23.11535.62181500.02221493.61571531.31798.62021-06357-0.43 234Johannus Monday23.91535.02071510.73381377.53061417.71556.02026-012180.07 235George Loffhagen24.51534.32311489.33401377.12581449.41649.02025-072110.11 236Brandon Holt27.71533.12111506.13681351.81861505.11725.52025-021090.77 237Mitchell Krueger31.81532.62291492.72211493.92441459.51653.62022-042040.15 238Elias Ymer29.71530.92211499.22191495.81901499.31751.82015-061750.31 239Alexis Galarneau26.61530.22191500.02891417.82071484.01631.52024-042130.12 240Ricardas Berankis35.11529.42301490.11901527.51801510.61842.42011-02432-0.59 241Luka Pavlovic25.61528.73521369.72051515.11971492.21635.02025-072170.10 242Alexander Ritschard31.71528.02731454.41671557.12321469.41695.92024-07513-0.75 243Dhakshineswar Suresh25.71527.02241496.83431373.52371463.51616.62025-10468-0.66 244Oliver Tarvet22.01526.22411478.52081513.11021594.61735.22025-08333-0.31 245Christopher Eubanks29.41523.42281493.02901414.61681524.21864.82023-07285-0.15 246Jay Dylan Hara Friend21.81523.22131505.23501366.42421461.61581.82025-10500-0.71 247Juan Pablo Varillas30.11523.03201401.62061514.43561389.61730.02021-10253-0.02 248Timofey Skatov24.91519.62381481.22141504.12271471.81672.02024-071950.24 249Joel Schwaerzler19.91518.33141405.52111504.42451459.11621.92024-052410.03 250Gregoire Barrere31.51517.82261494.52251490.71721518.21804.52020-02761-1.11 251Kimmer Coppejans31.71516.82531466.62321482.32701441.91697.02015-042500 252Thiago Seyboth Wild25.81516.32011515.32151500.82301470.31793.42024-052160.15 253Stefanos Sakellaridis21.11516.12591462.92001520.41821508.11590.22025-10282-0.11 254Marc Andrea Huesler29.31514.92321488.72131504.22251472.01817.02023-022520.01 255Alibek Kachmazov23.01514.62271493.93021408.52411461.71637.52025-04363-0.35 256Stefan Kozlov27.91514.22421477.22381472.12491457.01724.42022-02280-0.09 257Vitaliy Sachko28.41513.72571463.52301482.63341403.61643.52023-071660.44 258Li Tu29.41511.52611461.62791428.11601528.21633.52022-10390-0.41 259Norbert Gombos35.31510.52521467.22091509.42811436.71753.22020-11315-0.20 260Duje Ajdukovic24.91510.32231497.52231493.44091369.11687.62024-09331-0.24 261Ilia Simakin22.01508.42401478.83531364.22501454.21616.52025-05272-0.04 262Hyeon Chung29.61507.62361484.11801535.33191409.71991.82018-03423-0.48 263Jaime Faria22.41507.62581463.32341477.41761515.71692.52024-051510.55 264Rio Noguchi27.01506.92471471.04191301.13211408.41516.02022-102460.07 265Marco Cecchinato33.11505.23081412.62271486.23361402.91838.62018-072300.14 266Petr Brunclik19.31504.92351484.53051404.52521452.41538.32025-11306-0.14 267Taro Daniel32.71503.72341484.72431467.92571449.51766.82023-04367-0.32 268Matej Dodig20.41501.82651458.52591451.32541450.91601.72024-092330.14 269Beibit Zhukayev25.21499.62781451.33671353.01561531.91640.22023-112650.01 270Dane Sweeny24.81498.42441475.24081314.43501393.01568.32024-021820.39 271Alex Barrena23.21496.24021322.72171497.32591448.11596.12025-071880.37 272Nicolas Mejia25.91495.33001420.41991520.72601447.61536.32021-071690.48 273Daniel Rincon22.71495.01771540.82781430.84281357.91613.82023-092540.07 274Pedro Cachin30.11494.63221396.92181497.13761383.91767.72023-07688-0.92 275James Trotter26.21492.42561465.43111395.42951424.01658.12025-01301-0.09 276Tristan Boyer24.51492.02251494.62491459.63051418.41753.12025-011810.42 277Lukas Neumayer23.31491.53781350.22241491.33391401.41600.22025-062260.20 278Calvin Hemery30.71490.32891436.92261488.13451397.31651.12015-062590.07 279Enzo Couacaud30.51490.12621460.92361474.72061484.11647.12020-02680-0.89 280Nerman Fatic31.01489.92961424.82351474.82381463.21584.42023-072230.23 281Federico Cina18.51489.02631459.22391471.82661444.51644.22025-062350.18 282Yasutaka Uchiyama33.21486.52751454.43591359.42891429.21727.52019-10307-0.08 283Jay Clarke27.41486.42691456.42631447.24141364.91617.42018-071780.46 284Abedallah Shelbayh21.91484.62451475.03371377.82431460.01648.22024-02291-0.02 285Javier Barranco Cosano27.01482.52941425.12581453.82641445.21581.02024-07349-0.20 286Murphy Cassone23.31482.32681456.53741345.22931425.21684.92025-022240.24 287Radu Albot36.01481.32721454.92451465.71811509.51823.42019-05429-0.40 288Frederico Ferreira Silva30.61481.02791450.52711436.92391462.81642.42021-052620.09 289Andrea Collarini33.71480.63791349.32471464.94231360.71572.52019-092400.19 290Ryan Peniston30.11478.22821446.53411375.12461458.51723.22022-062190.28 291Genaro Alberto Olivieri27.21478.03721352.12481460.74161363.91585.62023-072310.23 292Dennis Novak32.11477.42601461.82501458.71541534.81758.92019-11585-0.69 293Inaki Montes De La Torre23.01477.22711455.53321381.02741438.61529.02025-02408-0.33 294Maks Kasnikowski22.31477.22921430.12201494.92021488.61652.12024-06419-0.35 295Tom Paris23.11476.72841442.23181391.62761438.31497.22025-112690.09 296Gianluca Cadenasso 21.11476.53811348.32561454.22771438.31551.12025-11 297Max Hans Rehberg21.61476.02671457.73151393.74051370.91575.02025-02618-0.73 298Kenta Miyoshi21.61475.62811446.73731347.82781437.81512.82025-11634-0.75 299Sandro Kopp25.61475.43261392.42511458.32791437.71547.12025-11302-0.01 300Remy Bertola27.11473.92771451.73481367.72801437.01498.92025-102550.16 301Andrej Martin36.11473.03471374.32641446.84431348.81674.72014-08334-0.10 302Edas Butvilas21.31472.92461472.93541364.13021420.41672.02024-092730.10 303Jozef Kovalik32.81472.82991421.12461465.64001374.31721.82018-07590-0.67 304Franco Agamenone32.61472.73661356.02571454.24121365.31707.62021-10335-0.10 305Michael Geerts30.91470.22641459.13291383.03881378.71540.62023-032870.06 306Marat Sharipov23.21469.12741454.42961410.82831434.51613.92025-023030.01 307Hynek Barton21.51467.12971423.62611448.72841433.61544.92025-073000.02 308Juan Pablo Ficovich28.81466.42901435.62661443.62671444.41597.42020-101610.65 309Eliakim Coulibaly23.51465.52861440.63311381.62861432.81537.12025-05313-0.01 310Hamish Stewart26.31465.13171403.23771342.51961493.81602.22025-08338-0.09 311Gastao Elias35.01462.92881437.02721435.53871379.81737.52016-08364-0.16 312Kaichi Uchida31.31462.62871437.83521364.72681444.01571.82023-022490.23 313Lorenzo Giustino34.31460.42761452.83161393.34611336.01643.82019-062100.40 314Mats Rosenkranz27.21458.62851442.23971322.83411401.01503.32025-10321-0.02 315Oriol Roca Batalla32.11456.93361383.42751433.13571389.61554.62024-06410-0.26 316Gauthier Onclin24.81456.73191402.12441467.72881430.01591.32023-072660.17 317Oliver Crawford26.51456.13121406.23221386.42361466.21580.72023-102030.45 318Joao Lucas Reis Da Silva25.61454.13671355.62621448.52911427.11531.32025-112060.43 319Antoine Ghibaudo20.81453.03041413.83901330.42011488.81518.92025-09348-0.09 320Dimitar Kuzmanov32.41452.62801447.72931413.53011421.21640.12021-052630.20 321Kilian Feldbausch20.21452.54151310.82701437.22921426.21499.12024-01374-0.15 322Henry Bernet18.91446.63351383.52831425.52961423.31537.62025-11509-0.46 323Karue Sell31.71446.23051413.52941411.82971423.11529.32024-10575-0.58 324Geoffrey Blancaneaux27.21446.23111406.42691438.44361351.11591.52023-052560.24 325Lautaro Midon21.61446.13101411.43121394.92981423.01498.42025-062340.33 326Ioannis Xilas24.51445.62931428.22371472.82211472.81652.32025-08391-0.18 327Tom Gentzsch22.31445.23231396.23091400.12991422.61502.72025-102830.14 328Maxim Mrva18.21444.42831446.43281384.22231472.21619.42025-03342-0.04 329Matteo Martineau26.91443.72911432.63551362.73321404.11624.52024-022770.17 330Hady Habib27.21442.23181402.22601450.72621446.31624.92025-052450.30 331Sascha Gueymard Wayenburg22.21442.13161404.12811426.73691385.51563.92025-011980.51 332Facundo Mena33.11441.63691354.22841424.23701385.51616.92019-093220.03 333Benjamin Hassan30.91440.63321387.12551456.23081417.01680.22023-102580.26 334Aziz Dougaz28.31438.83071412.72821425.73541390.31555.32020-023090.08 335Darwin Blanch18.11437.93021415.34061316.53031418.91466.02025-112950.13 336Murkel Alejandro Dellien Velasco28.11436.73391381.52861422.03461397.21602.52022-012510.29 337Antoine Escoffier33.61435.73061413.44551258.44221360.81628.42023-03434-0.25 338Nicolas Kicker33.21435.13511370.42731435.14111367.11706.22018-052570.27 339David Jorda Sanchis31.41435.13761350.52951411.83891378.71531.32023-07385-0.13 340Stuart Parker28.21434.03091412.23941327.04731324.71524.12025-03415-0.20 341Arthur Bouquier24.81433.52951425.04241296.73311404.21732.02025-032290.40 342Mili Poljicak21.11433.04361277.62881418.73861380.61508.52025-05383-0.11 343Blake Ellis26.91431.63151404.53961325.83111415.81490.72018-02441-0.25 344Jakub Paul26.51430.83461374.83391377.33121415.41506.32025-08368-0.07 345Paul Jubb26.11429.93131405.63811340.12611447.31632.12022-03360-0.04 346Daniel Masur31.11426.53211399.13131393.83201408.81621.92021-03510-0.39 347Ivan Gakhov29.01425.14041320.93041404.93751384.11659.62023-052610.28 348Bernabe Zapata Miralles28.81421.53481374.02911414.02901427.71779.92023-05462-0.28 349Christoph Negritu31.71420.93431375.73031408.53151410.51540.22024-11359-0.03 350Enrico Dalla Valle27.61416.93901335.33011408.63221408.41543.62024-07524-0.40 351Milos Karol22.91416.43631359.53491367.73231408.21457.62025-10447-0.24 352Yuta Shimizu26.51416.33341384.04251294.23131414.81590.82024-053400.03 353Filip Cristian Jianu24.11416.14061319.93071401.43421399.31578.52019-092780.24 354Denis Yevseyev32.51415.23281391.13231385.83071417.51565.72024-01379-0.07 355Andre Ilagan25.11415.23311389.54031317.63241407.61524.72025-103520.01 356Alexey Vatutin33.01415.23381382.03421373.84031371.61637.32018-04371-0.04 357Fajing Sun29.21415.03271391.24701239.13651386.41487.12025-072680.29 358Charles Broom27.71414.93331385.04041317.53181409.91536.42024-063040.16 359Mathys Erhard24.11413.53421375.83251384.73261406.71455.12025-113290.09 360Hayato Matsuoka20.91413.23241392.94051316.63271406.61532.22025-11405-0.12 361Juan Bautista Torres23.61412.94161308.53081400.63281406.41586.62022-073580.01 362Oleg Prihodko28.11411.93841345.33271384.33291406.01514.02021-12437-0.19 363Dmitry Popko29.01409.52981423.53641356.04621335.01631.72020-012220.49 364Jacopo Vasami17.61406.34131313.23191390.93351403.21452.92025-06662-0.60 365Viktor Durasovic28.61405.93251392.83801340.44501346.61494.22025-023230.12 366Andres Andrade26.91404.13881342.42921413.93381402.01584.82024-082710.30 367Hernan Casanova31.71403.64421268.13241385.54041371.01474.02022-093650.01 368Mika Brunold21.21402.23651358.03351378.03401401.11510.92025-07388-0.05 369Philip Henning25.01400.73411377.63611357.92551450.31559.82021-093260.12 370Federico Arnaboldi25.41399.43571364.03701349.64081369.21623.02024-08376-0.02 371Harry Wendelken24.01397.53371382.54101308.74341351.41526.62025-103160.16 372Alex Rybakov28.71395.43551364.53601358.63041418.81516.52022-072810.28 373Pedro Boscardin Dias22.81395.44741230.03141393.83441397.71444.62025-102750.30 374Giles Hussey28.61392.63491372.74131306.34261358.41487.32025-083500.07 375Matheus Pucinelli De Almeida24.61390.34471261.83261384.43471396.01650.02022-032970.23 376Adria Soriano Barrera26.51389.63451375.13981322.63481394.81429.02025-073550.06 377Philip Sekulic22.31388.43581361.44431273.04301356.11533.12024-07519-0.32 378Andres Martin24.41385.03641359.03001408.82691442.51603.62022-072700.34 379Samir Banerjee22.11383.93601361.04171302.03511392.01472.42025-09403-0.06 380Santiago Fa Rodriguez Taverna26.31383.84141312.63331380.33911378.61672.62022-012270.52 381Tung Lin Wu27.61382.63711352.72981409.44371350.71605.02023-043610.05 382Mae Malige19.71382.23611360.54621251.73531391.11435.82025-10438-0.14 383Gabi Adrian Boitan26.31381.93741351.33581359.92721441.01488.62022-033250.16 384Jacopo Berrettini26.81380.04121314.23461372.33551390.01592.32024-052990.25 385Tibo Colson25.41377.33621359.94541258.93591388.71397.32026-01465-0.19 386Marek Gengel30.31377.03751351.34681243.24451348.11505.82023-013510.10 387Jie Cui27.71377.03771350.34651246.43601388.51491.52025-05417-0.07 388Mees Rottgering18.31375.83821346.03171392.73001421.31486.42025-02624-0.48 389Nikolas Sanchez Izquierdo26.61375.74691238.73561361.73611387.81517.82022-063050.24 390Robin Bertrand22.81375.03801348.74311290.33621387.51540.92024-072980.27 391Govind Nanda24.41374.03731351.54181301.63641387.01501.02022-09549-0.34 392Alfredo Perez28.41371.63931333.43341379.73671385.81451.22025-103370.15 393Garrett Johns24.91371.33591361.34381283.23681385.61534.52025-082920.30 394Benoit Paire36.31370.93831345.83201389.93091416.51909.02013-05907-0.83 395Cezar Cretu24.51370.73501370.83831338.23721385.31526.02024-093770.05 396Nicolas Alvarez Varona24.31370.43291390.54091314.43731385.21526.22022-113560.11 397Giovanni Fonio27.31369.23401380.33911329.53741384.61566.92023-02456-0.14 398Max Houkes25.51368.14501258.73511365.24411350.11481.32025-032470.48 399Patrick Zahraj26.31367.53301389.64531259.13491394.21596.72025-032740.38 400Daniel Michalski25.81366.03441375.33781341.22851433.01590.82020-022600.43 401Edward Winter21.31365.14071319.44291292.63161410.11440.22025-10493-0.21 402Cannon Kingsley24.61363.63851344.54481266.73781381.81468.02023-09498-0.21 403Eduardo Ribeiro27.61363.44481260.23631356.23791381.71446.12023-06461-0.13 404Stefan Dostanic23.81363.33911335.04301291.63801381.61383.62025-08587-0.37 405Adrian Andreev24.51363.03951330.33471370.44751321.51642.92023-01965-0.87 406Luca Potenza25.31362.93971327.73861335.83821381.41470.32022-063660.10 407Rodrigo Pacheco Mendez20.61362.73681355.53871334.13831381.41511.22025-062320.56 408Rudolf Molleker25.01362.74051320.13571361.04381350.71712.92019-06450-0.10 409Aidan Mayo22.21361.93701353.14451270.63631387.11541.12024-11614-0.41 410Raul Brancaccio28.41361.83921333.63651355.04401350.41644.92023-014110 411Pedro Sakamoto32.31361.74281297.93691351.23851380.91495.62019-053750.09 412Maximilian Neuchrist34.11360.84011323.53881334.14421349.91549.92023-04540-0.27 413Petr Bar Biryukov23.81357.43891335.94331288.73901378.71488.12025-103280.23 414Khumoun Sultanov26.91356.83861344.54491266.53581389.11553.92025-02 415Tsung Hao Huang25.91356.13941330.44341288.13931378.11406.72023-10495-0.18 416Gabriele Piraino22.01354.04491258.83891333.03941377.01381.92024-073410.20 417Pol Martin Tiffon26.31353.94221304.53721348.84521344.21512.62025-033730.11 418Florent Bax26.51353.74091317.94001318.33951376.91449.12025-042880.37 419Michael Vrbensky25.81352.54031321.43951326.83961376.21576.52021-07584-0.33 420Diego Dedura Palomero17.71352.04731234.43621356.33971376.01419.02025-093270.25 421Kaylan Bigun19.41350.84081319.14401275.33981375.41423.02025-08717-0.53 422Henry Searle19.71349.94111314.74261293.04351351.31474.62025-06469-0.11 423Daniel Dutra Da Silva37.31349.84531257.43841337.24211361.01519.52009-023390.22 424Buvaysar Gadamauri25.31349.23981327.14281292.73991374.61367.72025-11439-0.03 425Sergey Fomin24.91347.74211305.13441373.24011373.81386.42024-073320.25 426Carlo Alberto Caniato 20.01345.74371277.63711349.54021372.91451.22025-09 427Ergi Kirkin26.61343.64001323.73921328.94251358.81516.72022-05564-0.28 428Hiroki Moriya35.21340.44201305.34641248.64481347.41584.02012-12515-0.19 429James Watt25.51339.74101317.84661244.63371402.41360.22026-01643-0.40 430Matias Soto26.51338.04341280.93821338.54101369.01461.22025-033860.11 431Jelle Sels30.21336.63561364.44211299.64951264.61640.82022-113450.22 432Miguel Tobon19.41335.33991324.44011318.03921378.61600.31995-09593-0.32 433Maxime Janvier29.01333.74261302.34221299.04131365.11601.52019-09529-0.20 434Tyler Zink24.91333.54181307.64601255.13811381.61473.92025-102940.39 435Neil Oberleitner26.41329.04291297.34391276.54151364.51378.02024-074250.02 436Omar Jasika28.61326.44191306.24521260.14961257.71669.12017-023300.28 437Maximus Jones21.31325.84251302.44141305.44181362.91524.42025-043780.15 438Dan Martin26.61325.44331286.34201300.94631334.81374.12025-114000.09 439Andrea Picchione27.21324.44431266.54151305.24191362.21366.12024-043930.11 440Franco Roncadelli25.71323.84781226.54021317.74201361.91399.72025-063460.24 441Patrick Maloney25.61320.74391273.33991322.04061370.71467.52025-073530.22 442Aleksandre Bakshi28.31320.04311295.32971410.03171410.01613.02024-07545-0.21 443Guido Ivan Justo27.91317.84631244.54111307.64241358.91342.62025-113720.17 444Renzo Olivo33.21317.54301296.54271292.84671330.51643.42015-02511-0.14 445Robert Strombachs26.31316.63961328.44471266.94271358.31479.92025-053980.11 446Gonzalo Villanueva30.81315.24801220.94231297.84291357.61454.72022-053440.26 447Luciano Emanuel Ambrogi21.91310.64841206.44121306.84311355.31410.32024-094350.03 448Lukas Pokorny23.21310.54271300.84501262.64321355.31435.52025-05532-0.17 449Juan Manuel La Serna21.81309.54321295.24351286.64331354.71340.22025-114330.04 450Olaf Pieczkowski21.61309.24231304.34071314.83301404.61621.02023-11457-0.02 451Eero Vasa28.91308.04241304.24461270.53331404.01415.62016-03473-0.05 452Corentin Denolly28.51305.84551254.64441271.84561339.61455.62025-033990.12 453Mateus Alves24.81301.44911180.44161302.94391350.71422.12024-11460-0.02 454Miguel Damas25.91296.84561254.54421274.94441348.41321.72025-113180.36 455Max Alcala Gurri23.11295.74621245.14411275.34461347.91332.32022-043810.18 456Renta Tokuda27.71295.44401270.54821208.94471347.71380.82018-053240.34 457Daniel Milavsky24.11295.24381275.44561257.64711328.41383.02025-113970.14 458Masamichi Imamura27.01293.34451263.04581256.74491346.71394.52024-11534-0.15 459Christian Langmo29.51292.04461262.34921164.64511346.01411.82023-043470.28 460Dali Blanch22.71285.44921172.13851336.34531342.71464.62025-084520.02 461Naoki Nakagawa28.71284.84411268.74941146.64541342.41327.72024-09724-0.45 462Carlos Sanchez Jover25.31280.94791224.44511261.04551340.51440.52023-093170.38 463Max Wiskandt23.71278.44701238.54371284.84831312.01454.02025-044420.05 464Alexandr Binda24.11277.64521258.14631248.84571338.81450.92025-074450.04 465Karan Singh22.51277.34661240.64361285.54581338.61339.82025-02470-0.01 466Conner Huertas Del Pino29.51275.64351280.34671244.54591337.81354.22025-04729-0.45 467Olle Wallin24.01275.24711237.14321289.84601337.61488.22025-074430.05 468Blaise Bicknell23.91272.54511258.24611252.93661386.21587.22024-02487-0.04 469Vadym Ursu28.81268.04571249.94861190.24821312.91281.32025-114270.09 470Aristotelis Thanos24.61267.44541254.63931328.23771383.71576.32025-02492-0.05 471Lucas Poullain29.81265.44611246.44751229.94641332.71590.82023-104020.16 472Tiago Pereira21.51263.64641242.94571257.24651331.81406.92025-082640.58 473Kasidit Samrej24.91261.94721236.53751345.13841381.01424.32019-044130.14 474Juan Alejandro Hernandez Serrano26.41259.64591249.34811215.04681329.81300.92025-064090.15 475Taha Baadi24.31259.14581249.74731235.94911293.81300.12025-09570-0.18 476Pedro Araujo23.61257.44681240.14831206.64691328.71307.52025-01694-0.38 477Aryan Shah20.11257.14601247.34711237.14701328.61524.62025-073940.19 478Roberto Cid32.01254.24441263.44801221.84661331.51621.42018-064310.10 479Andrew Fenty25.61252.54751229.64721236.24721326.21296.12025-104580.04 480Maxime Chazal32.71248.64931168.24691239.44741324.31382.82015-09577-0.18 481Saba Purtseladze24.21242.34761229.54881177.04861299.21466.82025-052860.52 482Moerani Bouzige26.41238.84821210.84761229.44761319.41416.72024-124670.03 483Kokoro Isomura22.81238.04831210.44771229.04771319.01428.82024-11557-0.14 484Pierluigi Basile18.81237.04881188.64591256.24781318.51426.92025-06702-0.37 485Mariano Kestelboim29.71234.54871188.74791225.34791317.21312.12025-064060.18 486Karl Poling26.31232.74651242.04841201.24921274.71280.82025-11600-0.21 487San Hui Sin28.81231.94811217.64781226.04801316.01314.12025-083540.32 488Federico Bondioli20.51227.74901182.94741231.64811313.91422.62025-064400.10 489Dominik Kellovsky29.31218.74771229.54931162.84841309.41297.22017-07561-0.14 490Bruno Kuzuhara21.61215.54861195.04871184.94851307.71335.12024-07531-0.08 491Alex Marti Pujolras26.51197.44671240.24891172.44871298.71359.72023-04505-0.03 492Lorenzo Carboni19.61195.34941155.04851198.64881297.71325.22023-084220.15 493Leo Borg22.51189.84891183.94961137.64891294.91211.02025-10533-0.08 494Sebastian Gima23.51188.74851204.44901167.14901294.41251.02025-08535-0.08 495Lorenzo Joaquin Rodriguez26.11148.64951150.54951142.04931274.31362.42024-044460.10 496Matthew Dellavedova25.61139.74971128.14971133.14941269.91201.52024-01518-0.04 497Juan Carlos Aguilar27.01112.14981068.94911165.74971256.01243.92025-01606-0.20 498Tristan Mccormick26.61109.84961131.34981096.34981224.41286.02023-06502-0.01,,,,,,,,,,,,,,,,
