tour,as_of_date,elo_rank,player,age,elo,unnamed_4,helo_rank,helo,celo_rank,celo,gelo_rank,gelo,unnamed_11,peak_elo,peak_month,unnamed_14,wta_rank,log_diff
WTA,2026-01-06,1,Aryna Sabalenka,27.4,2206.5,,1.0,2157.6,1.0,2122.5,1.0,1979.9,,2218.8,2025-11,,1.0,0.0
WTA,2026-01-06,2,Iga Swiatek,24.4,2138.3,,3.0,2081.3,2.0,2068.4,2.0,1964.9,,2291.0,2024-07,,2.0,0.0
WTA,2026-01-06,3,Elena Rybakina,26.3,2134.2,,2.0,2095.0,4.0,1992.0,3.0,1901.0,,2155.6,2024-04,,5.0,-0.51
WTA,2026-01-06,4,Coco Gauff,21.6,2104.7,,4.0,2049.5,3.0,2059.9,5.0,1858.1,,2155.7,2024-01,,4.0,0.0
WTA,2026-01-06,5,Amanda Anisimova,24.1,2078.8,,5.0,2030.4,10.0,1876.6,4.0,1900.1,,2086.9,2025-11,,3.0,0.51
WTA,2026-01-06,6,Jessica Pegula,31.6,2031.3,,6.0,1993.0,9.0,1878.0,6.0,1845.7,,2094.9,2024-01,,6.0,0.0
WTA,2026-01-06,7,Jasmine Paolini,29.8,2022.8,,7.0,1964.9,5.0,1948.5,8.0,1820.8,,2058.1,2025-10,,8.0,-0.13
WTA,2026-01-06,8,Elina Svitolina,31.0,1969.5,,15.0,1895.6,6.0,1915.7,10.0,1786.0,,2120.6,2018-05,,13.0,-0.49
WTA,2026-01-06,9,Belinda Bencic,28.6,1962.1,,10.0,1919.4,28.0,1778.1,12.0,1777.5,,2100.0,2015-09,,11.0,-0.2
WTA,2026-01-06,10,Victoria Mboko,19.1,1960.9,,11.0,1918.9,18.0,1807.1,40.0,1694.3,,1969.6,2025-07,,18.0,-0.59
WTA,2026-01-06,11,Madison Keys,30.7,1953.8,,12.0,1902.6,8.0,1879.9,13.0,1775.1,,2090.1,2016-08,,7.0,0.45
WTA,2026-01-06,12,Karolina Muchova,29.1,1948.8,,8.0,1920.9,24.0,1797.7,26.0,1721.0,,2029.1,2023-08,,20.0,-0.51
WTA,2026-01-06,13,Ekaterina Alexandrova,30.9,1945.7,,16.0,1886.8,12.0,1833.4,9.0,1809.6,,1977.2,2020-02,,10.0,0.26
WTA,2026-01-06,14,Marketa Vondrousova,26.3,1944.3,,20.0,1861.6,20.0,1806.7,7.0,1824.7,,2062.5,2023-08,,34.0,-0.89
WTA,2026-01-06,15,Mirra Andreeva,18.4,1943.4,,9.0,1920.6,7.0,1898.9,18.0,1750.1,,2159.2,2025-03,,9.0,0.51
WTA,2026-01-06,16,Naomi Osaka,27.9,1940.2,,13.0,1899.0,17.0,1807.4,25.0,1725.0,,2193.3,2021-03,,16.0,0.0
WTA,2026-01-06,17,Linda Noskova,20.9,1938.9,,14.0,1897.7,40.0,1757.1,14.0,1771.6,,1959.9,2025-10,,12.0,0.35
WTA,2026-01-06,18,Tereza Valentova,18.6,1915.8,,18.0,1880.4,14.0,1822.0,49.0,1676.7,,1939.5,2025-10,,60.0,-1.2
WTA,2026-01-06,19,Leylah Fernandez,23.1,1911.2,,17.0,1885.4,55.0,1728.5,24.0,1727.3,,1977.3,2022-03,,22.0,-0.15
WTA,2026-01-06,20,Marta Kostyuk,23.2,1908.0,,19.0,1876.6,13.0,1822.4,58.0,1663.0,,1986.1,2024-04,,26.0,-0.26
WTA,2026-01-06,21,Qinwen Zheng,22.9,1904.6,,22.0,1855.5,11.0,1865.5,59.0,1660.2,,2098.3,2024-11,,24.0,-0.13
WTA,2026-01-06,22,Janice Tjen,23.4,1897.7,,21.0,1861.1,72.0,1698.8,39.0,1698.8,,1897.7,2025-10,,54.0,-0.9
WTA,2026-01-06,23,Anna Kalinskaya,26.9,1893.6,,23.0,1850.1,42.0,1754.1,23.0,1727.8,,1948.6,2024-04,,33.0,-0.36
WTA,2026-01-06,24,Elise Mertens,29.9,1887.6,,31.0,1825.4,15.0,1817.3,17.0,1752.3,,2042.7,2021-04,,19.0,0.23
WTA,2026-01-06,25,Emma Raducanu,22.9,1880.8,,32.0,1823.5,27.0,1784.3,22.0,1731.3,,1998.0,2021-08,,29.0,-0.15
WTA,2026-01-06,26,Clara Tauson,22.8,1875.7,,30.0,1827.9,35.0,1766.4,37.0,1704.9,,1949.0,2025-07,,14.0,0.62
WTA,2026-01-06,27,Victoria Azarenka,36.0,1875.3,,24.0,1839.1,32.0,1769.2,29.0,1719.9,,2312.3,2013-03,,144.0,-1.67
WTA,2026-01-06,28,Barbora Krejcikova,29.9,1872.4,,28.0,1829.8,81.0,1687.4,16.0,1763.7,,2054.4,2021-08,,63.0,-0.81
WTA,2026-01-06,29,Mccartney Kessler,26.2,1872.1,,25.0,1836.1,109.0,1629.8,19.0,1748.4,,1933.3,2025-03,,31.0,-0.07
WTA,2026-01-06,30,Liudmila Samsonova,26.9,1871.8,,36.0,1801.6,26.0,1792.2,11.0,1780.5,,1984.3,2023-10,,17.0,0.57
WTA,2026-01-06,31,Katerina Siniakova,29.4,1871.6,,29.0,1829.1,57.0,1728.3,20.0,1747.3,,1950.5,2017-01,,47.0,-0.42
WTA,2026-01-06,32,Emma Navarro,24.3,1870.3,,33.0,1817.6,29.0,1777.7,15.0,1768.3,,2002.7,2024-08,,15.0,0.76
WTA,2026-01-06,33,Eva Lys,23.7,1868.3,,27.0,1830.1,44.0,1747.1,61.0,1655.7,,1896.2,2025-10,,39.0,-0.17
WTA,2026-01-06,34,Anastasia Potapova,24.4,1856.7,,37.0,1800.8,21.0,1804.0,52.0,1675.1,,1920.5,2023-06,,55.0,-0.48
WTA,2026-01-06,35,Sorana Cirstea,35.5,1856.0,,26.0,1834.3,51.0,1737.8,75.0,1633.2,,1928.2,2009-08,,41.0,-0.16
WTA,2026-01-06,36,Diana Shnaider,21.5,1852.3,,35.0,1802.0,22.0,1800.8,28.0,1720.0,,1976.1,2024-08,,21.0,0.54
WTA,2026-01-06,37,Marie Bouzkova,27.2,1850.8,,34.0,1808.7,33.0,1766.7,54.0,1673.4,,1958.3,2022-10,,46.0,-0.22
WTA,2026-01-06,38,Danielle Collins,31.6,1844.4,,47.0,1772.3,16.0,1808.7,47.0,1680.3,,2061.1,2024-05,,62.0,-0.49
WTA,2026-01-06,39,Anastasia Pavlyuchenkova,34.1,1840.1,,38.0,1799.2,46.0,1743.7,33.0,1711.4,,2058.1,2011-05,,44.0,-0.12
WTA,2026-01-06,40,Veronika Kudermetova,28.4,1836.4,,40.0,1785.9,36.0,1764.7,35.0,1709.5,,1981.1,2023-05,,30.0,0.29
WTA,2026-01-06,41,Maya Joint,19.5,1835.6,,43.0,1777.1,34.0,1766.5,34.0,1711.4,,1889.3,2025-09,,32.0,0.25
WTA,2026-01-06,42,Dayana Yastremska,25.4,1831.8,,49.0,1762.1,39.0,1758.0,36.0,1708.4,,1978.4,2019-02,,27.0,0.44
WTA,2026-01-06,43,Taylor Townsend,29.4,1825.2,,39.0,1794.6,63.0,1718.7,80.0,1622.0,,1849.6,2025-08,,116.0,-0.99
WTA,2026-01-06,44,Olga Danilovic,24.7,1821.9,,63.0,1733.5,25.0,1797.5,69.0,1641.3,,1883.7,2025-05,,67.0,-0.42
WTA,2026-01-06,45,Ons Jabeur,30.8,1817.9,,41.0,1781.0,45.0,1744.9,42.0,1692.0,,2110.5,2022-06,,95.0,-0.75
WTA,2026-01-06,46,Daria Kasatkina,28.3,1815.8,,46.0,1774.0,31.0,1774.2,31.0,1713.9,,2036.5,2018-03,,40.0,0.14
WTA,2026-01-06,47,Ann Li,25.3,1814.5,,48.0,1766.2,58.0,1724.2,108.0,1576.8,,1894.4,2021-03,,37.0,0.24
WTA,2026-01-06,48,Maria Sakkari,30.2,1814.4,,44.0,1776.2,30.0,1777.1,62.0,1655.6,,2067.5,2022-03,,51.0,-0.06
WTA,2026-01-06,49,Jelena Ostapenko,28.3,1814.4,,51.0,1754.4,23.0,1799.0,21.0,1746.6,,2029.5,2017-10,,23.0,0.76
WTA,2026-01-06,50,Lois Boisson,22.3,1811.3,,136.0,1609.9,19.0,1806.9,116.0,1557.6,,1855.3,2025-07,,36.0,0.33
WTA,2026-01-06,51,Paula Badosa,27.8,1810.3,,45.0,1775.3,60.0,1721.4,63.0,1655.1,,2078.1,2022-01,,25.0,0.71
WTA,2026-01-06,52,Lulu Sun,24.5,1808.1,,42.0,1779.4,126.0,1606.0,60.0,1656.1,,1831.6,2024-08,,86.0,-0.5
WTA,2026-01-06,53,Sofia Kenin,26.9,1802.7,,53.0,1750.2,43.0,1748.1,65.0,1645.7,,2057.0,2020-02,,28.0,0.64
WTA,2026-01-06,54,Jessica Bouzas Maneiro,23.0,1802.3,,59.0,1737.4,52.0,1737.5,53.0,1674.2,,1857.3,2025-08,,42.0,0.25
WTA,2026-01-06,55,Iva Jovic,17.9,1800.3,,61.0,1736.0,84.0,1682.8,32.0,1713.8,,1867.9,2025-09,,35.0,0.45
WTA,2026-01-06,56,Jaqueline Cristian,27.3,1798.8,,52.0,1754.1,47.0,1741.6,179.0,1482.3,,1816.5,2025-05,,38.0,0.39
WTA,2026-01-06,57,Sonay Kartal,24.1,1791.2,,57.0,1741.7,153.0,1560.9,44.0,1690.2,,1828.1,2024-10,,68.0,-0.18
WTA,2026-01-06,58,Viktorija Golubic,33.0,1788.3,,50.0,1755.1,113.0,1619.9,67.0,1644.6,,1836.2,2021-07,,80.0,-0.32
WTA,2026-01-06,59,Laura Siegemund,37.5,1788.1,,56.0,1742.5,85.0,1681.1,51.0,1675.5,,1917.6,2016-08,,45.0,0.27
WTA,2026-01-06,60,Caty Mcnally,23.9,1787.2,,68.0,1726.5,66.0,1711.1,41.0,1692.9,,1805.5,2019-07,,83.0,-0.32
WTA,2026-01-06,61,Katie Boulter,29.2,1786.7,,58.0,1741.6,73.0,1698.2,30.0,1719.2,,1894.3,2024-03,,112.0,-0.61
WTA,2026-01-06,62,Varvara Gracheva,25.2,1783.8,,62.0,1733.7,80.0,1688.3,77.0,1628.2,,1819.8,2019-10,,75.0,-0.19
WTA,2026-01-06,63,Caroline Garcia,31.8,1781.5,,54.0,1745.2,50.0,1739.0,38.0,1704.1,,2044.8,2017-10,,301.0,-1.56
WTA,2026-01-06,64,Donna Vekic,29.3,1781.0,,64.0,1732.2,56.0,1728.4,45.0,1689.0,,1947.0,2019-08,,69.0,-0.08
WTA,2026-01-06,65,Yulia Putintseva,30.8,1780.9,,60.0,1736.3,49.0,1739.5,64.0,1647.7,,1933.4,2025-01,,74.0,-0.13
WTA,2026-01-06,66,Magda Linette,33.6,1779.8,,67.0,1728.8,48.0,1740.1,84.0,1616.2,,1866.6,2023-02,,52.0,0.24
WTA,2026-01-06,67,Sara Bejlek,19.7,1777.0,,107.0,1655.6,37.0,1761.0,159.0,1499.0,,1815.5,2025-07,,93.0,-0.33
WTA,2026-01-06,68,Irina Camelia Begu,34.8,1774.7,,88.0,1688.9,41.0,1756.1,86.0,1612.4,,1931.2,2016-05,,139.0,-0.71
WTA,2026-01-06,69,Beatriz Haddad Maia,29.2,1774.0,,71.0,1715.9,53.0,1736.0,46.0,1680.4,,1945.0,2022-08,,58.0,0.17
WTA,2026-01-06,70,Ella Seidel,20.6,1772.6,,55.0,1742.9,103.0,1636.3,87.0,1608.3,,1809.9,2025-10,,84.0,-0.18
WTA,2026-01-06,71,Xin Yu Wang,24.0,1770.2,,81.0,1704.2,94.0,1655.8,27.0,1720.1,,1853.9,2025-08,,57.0,0.22
WTA,2026-01-06,72,Magdalena Frech,27.8,1768.4,,69.0,1725.8,74.0,1696.0,96.0,1589.0,,1846.4,2024-10,,59.0,0.2
WTA,2026-01-06,73,Ajla Tomljanovic,32.4,1765.1,,73.0,1713.1,76.0,1693.4,48.0,1680.0,,1907.7,2022-08,,78.0,-0.07
WTA,2026-01-06,74,Anhelina Kalinina,28.8,1763.7,,66.0,1729.3,64.0,1711.8,85.0,1615.2,,1890.8,2022-06,,174.0,-0.85
WTA,2026-01-06,75,Antonia Ruzic,22.8,1763.3,,65.0,1731.4,111.0,1627.2,94.0,1590.6,,1789.8,2025-10,,70.0,0.07
WTA,2026-01-06,76,Peyton Stearns,23.9,1762.4,,83.0,1695.6,38.0,1760.7,134.0,1533.2,,1925.1,2025-05,,64.0,0.17
WTA,2026-01-06,77,Rebecca Sramkova,29.0,1757.9,,77.0,1709.4,92.0,1658.0,89.0,1603.7,,1821.7,2024-11,,71.0,0.08
WTA,2026-01-06,78,Elisabetta Cocciaretto,24.7,1755.5,,89.0,1687.8,68.0,1709.1,56.0,1669.9,,1853.5,2023-07,,81.0,-0.04
WTA,2026-01-06,79,Kaja Juvan,24.9,1752.5,,96.0,1680.6,59.0,1722.6,43.0,1691.9,,1825.6,2022-05,,99.0,-0.23
WTA,2026-01-06,80,Elena Gabriela Ruse,28.0,1751.4,,84.0,1693.9,75.0,1694.8,57.0,1668.9,,1845.7,2022-02,,85.0,-0.06
WTA,2026-01-06,81,Shuai Zhang,36.8,1750.8,,70.0,1724.9,125.0,1607.5,66.0,1644.7,,1873.3,2018-01,,79.0,0.03
WTA,2026-01-06,82,Anastasija Sevastova,35.6,1748.0,,82.0,1699.0,67.0,1709.8,73.0,1634.3,,1998.3,2018-10,,185.0,-0.81
WTA,2026-01-06,83,Bianca Andreescu,25.3,1746.0,,74.0,1711.3,88.0,1675.7,79.0,1624.6,,2157.5,2019-09,,225.0,-1.0
WTA,2026-01-06,84,Anna Blinkova,27.1,1745.0,,79.0,1708.4,101.0,1640.8,82.0,1621.1,,1830.2,2019-10,,61.0,0.32
WTA,2026-01-06,85,Petra Marcinko,19.9,1744.1,,85.0,1692.8,65.0,1711.8,188.0,1472.6,,1753.5,2025-08,,82.0,0.04
WTA,2026-01-06,86,Alexandra Eala,20.4,1743.7,,87.0,1690.3,175.0,1537.7,55.0,1672.8,,1804.2,2025-09,,53.0,0.48
WTA,2026-01-06,87,Camila Osorio,23.8,1743.3,,86.0,1691.7,69.0,1706.5,91.0,1595.8,,1852.0,2023-06,,76.0,0.14
WTA,2026-01-06,88,Oksana Selekhmeteva,22.8,1743.1,,93.0,1683.8,71.0,1704.3,117.0,1557.0,,1771.0,2025-11,,100.0,-0.13
WTA,2026-01-06,89,Cristina Bucsa,27.9,1742.7,,76.0,1709.9,128.0,1601.4,88.0,1604.1,,1755.1,2025-12,,50.0,0.58
WTA,2026-01-06,90,Renata Zarazua,28.0,1742.6,,72.0,1715.8,100.0,1645.2,92.0,1591.2,,1761.2,2025-01,,77.0,0.16
WTA,2026-01-06,91,Ashlyn Krueger,21.4,1740.7,,75.0,1710.8,93.0,1656.5,93.0,1590.8,,1896.7,2025-02,,49.0,0.62
WTA,2026-01-06,92,Elsa Jacquemot,22.6,1740.5,,90.0,1685.9,97.0,1650.4,76.0,1629.0,,1766.8,2025-09,,56.0,0.5
WTA,2026-01-06,93,Kamilla Rakhimova,24.2,1739.3,,92.0,1684.2,98.0,1649.6,71.0,1638.2,,1753.6,2025-08,,91.0,0.02
WTA,2026-01-06,94,Katie Volynets,23.8,1739.1,,80.0,1708.1,83.0,1683.1,110.0,1575.1,,1828.5,2024-06,,96.0,-0.02
WTA,2026-01-06,95,Greet Minnen,28.1,1739.0,,91.0,1685.0,122.0,1609.2,50.0,1676.4,,1795.8,2020-02,,119.0,-0.23
WTA,2026-01-06,96,Emerson Jones,17.3,1737.9,,78.0,1708.9,213.0,1484.0,90.0,1599.6,,1737.9,2025-11,,147.0,-0.43
WTA,2026-01-06,97,Oleksandra Oliynykova,24.9,1737.7,,277.0,1427.4,62.0,1720.5,137.0,1528.2,,1804.5,2025-11,,90.0,0.07
WTA,2026-01-06,98,Hailey Baptiste,23.9,1734.8,,101.0,1671.5,79.0,1689.1,106.0,1577.1,,1800.9,2025-06,,65.0,0.41
WTA,2026-01-06,99,Francesca Jones,25.1,1732.8,,118.0,1638.8,54.0,1734.6,144.0,1516.6,,1798.6,2025-09,,72.0,0.32
WTA,2026-01-06,100,Rebeka Masarova,26.1,1728.2,,103.0,1660.4,77.0,1693.2,81.0,1621.5,,1817.5,2023-04,,115.0,-0.14
WTA,2026-01-06,101,Aliaksandra Sasnovich,31.6,1727.9,,98.0,1675.6,89.0,1662.4,72.0,1635.9,,1944.3,2019-01,,113.0,-0.11
WTA,2026-01-06,102,Simona Waltert,24.8,1723.5,,115.0,1644.4,70.0,1704.4,152.0,1507.5,,1744.4,2025-10,,88.0,0.15
WTA,2026-01-06,103,Lilli Tagger,17.6,1722.8,,137.0,1607.1,112.0,1625.0,129.0,1536.4,,1757.5,2025-10,,154.0,-0.4
WTA,2026-01-06,104,Anna Bondar,28.4,1717.3,,110.0,1647.9,61.0,1721.4,171.0,1489.3,,1786.6,2022-05,,73.0,0.35
WTA,2026-01-06,105,Darja Semenistaja,23.0,1715.1,,116.0,1639.8,87.0,1676.0,103.0,1578.3,,1736.4,2025-10,,98.0,0.07
WTA,2026-01-06,106,Dalma Galfi,27.3,1709.5,,131.0,1620.5,86.0,1680.6,74.0,1633.4,,1748.0,2025-10,,94.0,0.12
WTA,2026-01-06,107,Kimberly Birrell,27.5,1705.4,,97.0,1678.1,198.0,1503.7,98.0,1588.2,,1804.5,2025-03,,106.0,0.01
WTA,2026-01-06,108,Yafan Wang,31.4,1703.6,,100.0,1673.0,173.0,1538.6,124.0,1539.9,,1853.2,2019-03,,274.0,-0.93
WTA,2026-01-06,109,Priscilla Hon,27.4,1700.6,,99.0,1673.6,163.0,1550.3,121.0,1544.2,,1722.2,2025-09,,121.0,-0.1
WTA,2026-01-06,110,Solana Sierra,21.3,1693.4,,139.0,1603.7,91.0,1658.2,105.0,1577.4,,1727.7,2025-10,,66.0,0.51
WTA,2026-01-06,111,Elina Avanesyan,23.1,1692.8,,94.0,1683.4,104.0,1634.3,99.0,1587.3,,1835.3,2024-08,,124.0,-0.11
WTA,2026-01-06,112,Julia Grabher,29.3,1692.2,,204.0,1518.8,82.0,1685.3,221.0,1443.7,,1692.2,2025-10,,92.0,0.2
WTA,2026-01-06,113,Xiyu Wang,24.5,1690.1,,102.0,1661.7,108.0,1630.1,122.0,1542.1,,1803.0,2024-02,,170.0,-0.41
WTA,2026-01-06,114,Robin Montgomery,20.8,1690.1,,126.0,1625.1,124.0,1607.8,68.0,1642.6,,1779.9,2024-07,,279.0,-0.9
WTA,2026-01-06,115,Marina Stakusic,20.9,1687.2,,105.0,1656.7,165.0,1549.1,102.0,1583.2,,1794.3,2024-02,,127.0,-0.1
WTA,2026-01-06,116,Aoi Ito,21.2,1687.0,,95.0,1682.8,308.0,1374.2,195.0,1467.6,,1786.2,2024-12,,165.0,-0.35
WTA,2026-01-06,117,Caroline Dolehide,27.2,1684.6,,113.0,1645.7,106.0,1631.6,168.0,1491.3,,1757.6,2025-07,,109.0,0.07
WTA,2026-01-06,118,Yue Yuan,27.0,1684.3,,108.0,1651.4,131.0,1592.3,128.0,1536.5,,1869.7,2024-04,,135.0,-0.13
WTA,2026-01-06,119,Viktoriya Tomova,30.6,1681.8,,120.0,1635.4,114.0,1618.9,113.0,1565.2,,1752.1,2024-06,,128.0,-0.07
WTA,2026-01-06,120,Zeynep Sonmez,23.5,1679.3,,112.0,1646.3,137.0,1586.0,95.0,1589.6,,1769.8,2024-12,,110.0,0.09
WTA,2026-01-06,121,Lin Zhu,31.7,1678.6,,106.0,1655.7,232.0,1457.4,126.0,1537.6,,1808.9,2023-09,,162.0,-0.29
WTA,2026-01-06,122,Mayar Sherif,29.5,1676.0,,192.0,1525.8,90.0,1658.5,165.0,1493.2,,1863.6,2023-06,,107.0,0.13
WTA,2026-01-06,123,Claire Liu,25.4,1675.5,,104.0,1656.8,139.0,1583.3,136.0,1530.8,,1814.6,2022-05,,224.0,-0.6
WTA,2026-01-06,124,Suzan Lamens,26.3,1673.4,,124.0,1628.0,142.0,1578.7,130.0,1535.8,,1795.2,2025-04,,97.0,0.25
WTA,2026-01-06,125,Alina Korneeva,18.4,1672.9,,109.0,1649.9,237.0,1451.7,161.0,1496.5,,1802.5,2024-10,,210.0,-0.52
WTA,2026-01-06,126,Petra Martic,34.5,1672.7,,122.0,1632.5,105.0,1633.8,83.0,1617.9,,1979.2,2019-09,,209.0,-0.51
WTA,2026-01-06,127,Storm Hunter,31.2,1670.4,,111.0,1646.5,152.0,1561.1,109.0,1575.6,,1792.2,2024-03,,426.0,-1.21
WTA,2026-01-06,128,Talia Gibson,21.4,1670.2,,117.0,1639.3,228.0,1461.9,107.0,1577.0,,1685.8,2025-11,,118.0,0.08
WTA,2026-01-06,129,Linda Klimovicova,21.4,1669.6,,119.0,1636.2,215.0,1482.3,172.0,1487.6,,1715.1,2025-10,,133.0,-0.03
WTA,2026-01-06,130,Laura Samson,17.7,1669.2,,221.0,1498.5,96.0,1651.3,151.0,1509.6,,1716.7,2025-11,,201.0,-0.44
WTA,2026-01-06,131,Moyuka Uchijima,24.2,1665.3,,127.0,1623.1,110.0,1628.7,193.0,1469.1,,1822.8,2025-04,,89.0,0.39
WTA,2026-01-06,132,Bernarda Pera,30.8,1664.1,,129.0,1622.0,99.0,1645.8,120.0,1550.2,,1843.1,2022-08,,169.0,-0.25
WTA,2026-01-06,133,Ana Bogdan,32.6,1662.3,,114.0,1645.3,119.0,1613.4,101.0,1583.8,,1826.3,2023-07,,514.0,-1.35
WTA,2026-01-06,134,Lola Radivojevic,20.7,1658.6,,209.0,1512.3,95.0,1651.6,115.0,1558.6,,1674.4,2025-10,,137.0,-0.02
WTA,2026-01-06,135,Maja Chwalinska,24.1,1657.7,,145.0,1594.4,102.0,1640.3,146.0,1512.2,,1717.6,2024-07,,146.0,-0.08
WTA,2026-01-06,136,Sara Sorribes Tormo,29.1,1656.8,,121.0,1633.2,118.0,1614.6,133.0,1533.4,,1900.8,2021-08,,294.0,-0.77
WTA,2026-01-06,137,Mia Pohankova,17.0,1656.3,,123.0,1632.0,242.0,1443.2,167.0,1491.6,,1685.9,2024-11,,525.0,-1.34
WTA,2026-01-06,138,Diane Parry,23.1,1655.9,,154.0,1586.8,127.0,1604.7,78.0,1625.7,,1763.9,2024-03,,122.0,0.12
WTA,2026-01-06,139,Tatjana Maria,38.3,1655.2,,138.0,1605.4,162.0,1550.4,70.0,1639.4,,1804.5,2009-08,,43.0,1.17
WTA,2026-01-06,140,Veronika Erjavec,25.9,1655.0,,179.0,1544.9,107.0,1630.7,111.0,1571.8,,1722.2,2025-09,,103.0,0.31
WTA,2026-01-06,141,Emiliana Arango,24.9,1653.4,,125.0,1627.1,144.0,1576.9,198.0,1461.6,,1698.2,2025-02,,48.0,1.08
WTA,2026-01-06,142,Polina Iatcenko,21.9,1651.9,,132.0,1618.2,244.0,1441.0,157.0,1501.0,,1750.9,2025-10,,163.0,-0.14
WTA,2026-01-06,143,Jil Teichmann,28.1,1650.6,,135.0,1612.4,115.0,1615.9,229.0,1439.1,,1922.9,2022-05,,120.0,0.18
WTA,2026-01-06,144,Daria Saville,31.4,1648.0,,130.0,1621.4,136.0,1586.2,143.0,1517.6,,1971.3,2017-01,,193.0,-0.29
WTA,2026-01-06,145,Anna Lena Friedsam,31.8,1643.3,,142.0,1598.9,148.0,1568.1,176.0,1483.7,,1842.9,2016-05,,153.0,-0.05
WTA,2026-01-06,146,Anca Alexia Todoni,20.9,1643.2,,174.0,1550.5,78.0,1692.2,145.0,1514.3,,1785.1,2025-01,,158.0,-0.08
WTA,2026-01-06,147,Sara Errani,38.0,1642.6,,162.0,1577.9,120.0,1611.4,153.0,1507.3,,2085.5,2013-05,,631.0,-1.46
WTA,2026-01-06,148,Panna Udvardy,27.1,1642.5,,163.0,1573.3,130.0,1595.4,119.0,1551.1,,1704.6,2023-01,,87.0,0.53
WTA,2026-01-06,149,Leolia Jeanjean,30.2,1640.2,,150.0,1589.6,117.0,1615.1,164.0,1494.2,,1684.9,2022-09,,102.0,0.38
WTA,2026-01-06,150,Anastasia Zakharova,23.8,1638.3,,141.0,1600.5,189.0,1513.4,100.0,1584.1,,1706.7,2024-10,,104.0,0.37
WTA,2026-01-06,151,Dominika Salkova,21.4,1637.5,,128.0,1623.0,177.0,1533.9,194.0,1467.9,,1685.2,2025-07,,142.0,0.06
WTA,2026-01-06,152,Linda Fruhvirtova,20.5,1636.1,,146.0,1593.5,194.0,1507.6,114.0,1565.1,,1764.1,2023-03,,130.0,0.16
WTA,2026-01-06,153,Lanlana Tararudee,21.3,1633.4,,134.0,1614.3,183.0,1521.0,123.0,1541.3,,1655.3,2025-11,,131.0,0.16
WTA,2026-01-06,154,Tamara Korpatsch,30.5,1631.9,,160.0,1581.5,123.0,1608.8,227.0,1440.7,,1717.5,2022-10,,123.0,0.22
WTA,2026-01-06,155,Kaitlin Quevedo,19.7,1631.5,,153.0,1586.9,121.0,1611.4,169.0,1490.7,,1699.5,2025-09,,141.0,0.09
WTA,2026-01-06,156,Nikola Bartunkova,19.6,1628.8,,158.0,1583.1,140.0,1582.9,170.0,1489.4,,1692.2,2025-09,,126.0,0.21
WTA,2026-01-06,157,Carson Branstine,25.0,1627.6,,185.0,1535.7,145.0,1576.1,97.0,1588.3,,1675.2,2025-09,,177.0,-0.12
WTA,2026-01-06,158,Rebecca Marino,34.7,1625.6,,149.0,1590.9,206.0,1493.4,112.0,1570.6,,1833.6,2010-11,,197.0,-0.22
WTA,2026-01-06,159,Alycia Parks,24.9,1623.1,,140.0,1602.4,211.0,1485.0,138.0,1527.0,,1824.7,2023-01,,101.0,0.45
WTA,2026-01-06,160,Alize Cornet,35.6,1622.8,,155.0,1586.8,149.0,1567.3,104.0,1577.5,,2012.5,2008-05,,,
WTA,2026-01-06,161,Madison Brengle,35.5,1620.1,,148.0,1591.1,146.0,1575.1,147.0,1511.5,,1853.0,2016-03,,453.0,-1.03
WTA,2026-01-06,162,Lucrezia Stefanini,27.5,1618.6,,157.0,1584.2,178.0,1533.7,125.0,1539.7,,1650.2,2024-12,,136.0,0.17
WTA,2026-01-06,163,Hanyu Guo,27.4,1617.4,,143.0,1595.3,212.0,1484.1,177.0,1483.7,,1642.8,2025-10,,171.0,-0.05
WTA,2026-01-06,164,Hanne Vandewinkel,21.4,1615.4,,133.0,1617.4,157.0,1557.9,190.0,1471.6,,1678.1,2025-10,,125.0,0.27
WTA,2026-01-06,165,Sinja Kraus,23.5,1614.5,,205.0,1517.2,116.0,1615.6,158.0,1500.6,,1711.3,2025-03,,108.0,0.42
WTA,2026-01-06,166,Darja Vidmanova,22.8,1612.2,,151.0,1589.5,227.0,1462.0,201.0,1460.9,,1692.3,2025-09,,145.0,0.14
WTA,2026-01-06,167,Lucie Havlickova,20.7,1612.0,,147.0,1593.3,192.0,1509.4,150.0,1509.7,,1654.9,2023-05,,280.0,-0.52
WTA,2026-01-06,168,Maria Timofeeva,21.9,1609.6,,161.0,1580.5,161.0,1553.8,282.0,1402.1,,1654.9,2025-10,,138.0,0.2
WTA,2026-01-06,169,Varvara Lepchenko,39.5,1609.2,,159.0,1582.4,150.0,1565.0,182.0,1480.1,,1891.7,2015-01,,143.0,0.17
WTA,2026-01-06,170,Nina Stojanovic,29.2,1609.0,,171.0,1557.5,135.0,1586.7,118.0,1553.6,,1752.9,2019-10,,295.0,-0.55
WTA,2026-01-06,171,Tatiana Prozorova,22.0,1603.7,,156.0,1585.8,164.0,1549.8,184.0,1476.9,,1730.1,2025-02,,183.0,-0.07
WTA,2026-01-06,172,Victoria Jimenez Kasintseva,20.3,1603.4,,180.0,1544.8,143.0,1577.8,183.0,1478.3,,1709.5,2025-09,,114.0,0.41
WTA,2026-01-06,173,Himeno Sakatsume,24.2,1603.1,,152.0,1588.2,250.0,1435.0,180.0,1481.9,,1603.1,2025-11,,151.0,0.14
WTA,2026-01-06,174,Eva Guerrero Alvarez,26.2,1602.4,,144.0,1595.2,222.0,1467.7,207.0,1454.1,,1602.4,2025-11,,248.0,-0.35
WTA,2026-01-06,175,Lucia Bronzetti,26.9,1602.0,,169.0,1564.6,156.0,1558.8,185.0,1475.4,,1777.9,2025-03,,105.0,0.51
WTA,2026-01-06,176,Arantxa Rus,34.9,1601.1,,166.0,1565.8,133.0,1590.9,205.0,1454.7,,1774.5,2012-07,,132.0,0.29
WTA,2026-01-06,177,Daria Snigur,23.6,1600.9,,165.0,1571.9,234.0,1456.8,135.0,1531.8,,1708.0,2024-07,,149.0,0.17
WTA,2026-01-06,178,Xinyu Gao,28.0,1598.2,,178.0,1545.4,158.0,1557.0,247.0,1428.4,,1610.4,2025-09,,207.0,-0.15
WTA,2026-01-06,179,Tiantsoa Sarah Rakotomanga Rajaonah,19.9,1597.7,,173.0,1551.8,171.0,1543.4,187.0,1473.8,,1643.9,2025-09,,117.0,0.43
WTA,2026-01-06,180,Heather Watson,33.2,1595.8,,170.0,1564.0,236.0,1453.1,131.0,1534.5,,1912.2,2014-06,,265.0,-0.39
WTA,2026-01-06,181,Tamara Zidansek,27.7,1595.7,,207.0,1514.4,132.0,1592.1,213.0,1451.1,,1857.1,2019-06,,156.0,0.15
WTA,2026-01-06,182,Joanna Garland,24.2,1594.6,,175.0,1548.5,179.0,1530.3,163.0,1495.9,,1609.3,2025-10,,129.0,0.34
WTA,2026-01-06,183,Harriet Dart,29.3,1591.3,,164.0,1572.3,256.0,1429.8,127.0,1537.4,,1727.2,2022-06,,168.0,0.09
WTA,2026-01-06,184,Polina Kudermetova,22.4,1590.2,,172.0,1552.5,167.0,1547.4,178.0,1483.1,,1770.3,2024-12,,167.0,0.1
WTA,2026-01-06,185,Nuria Brancaccio,25.3,1587.3,,305.0,1397.4,134.0,1589.1,254.0,1420.1,,1642.1,2025-10,,161.0,0.14
WTA,2026-01-06,186,Mananchaya Sawangkaew,23.3,1586.3,,167.0,1565.2,204.0,1496.0,156.0,1503.8,,1775.4,2025-02,,247.0,-0.28
WTA,2026-01-06,187,Polona Hercog,34.8,1585.1,,201.0,1521.8,141.0,1578.9,140.0,1520.5,,1894.8,2011-07,,333.0,-0.58
WTA,2026-01-06,188,Yuliia Starodubtseva,25.7,1583.6,,186.0,1535.2,138.0,1584.0,155.0,1505.6,,1834.9,2024-10,,111.0,0.53
WTA,2026-01-06,189,Jana Fett,29.0,1579.7,,198.0,1522.8,159.0,1556.2,162.0,1496.4,,1755.5,2017-10,,186.0,0.02
WTA,2026-01-06,190,Maddison Inglis,27.8,1576.6,,176.0,1546.8,238.0,1449.4,192.0,1469.8,,1636.2,2025-08,,166.0,0.14
WTA,2026-01-06,191,Lauren Davis,31.8,1571.6,,168.0,1564.8,191.0,1511.0,149.0,1509.8,,1924.3,2017-03,,360.0,-0.63
WTA,2026-01-06,192,Carol Young Suh Lee,23.8,1568.9,,177.0,1546.5,176.0,1534.5,132.0,1534.5,,1709.1,2025-06,,208.0,-0.08
WTA,2026-01-06,193,Olivia Gadecki,23.6,1568.2,,181.0,1544.7,208.0,1489.4,191.0,1470.6,,1767.5,2024-10,,204.0,-0.06
WTA,2026-01-06,194,Renata Jamrichova,18.2,1566.4,,208.0,1514.3,182.0,1522.0,267.0,1411.2,,1582.5,2025-09,,272.0,-0.34
WTA,2026-01-06,195,Iryna Shymanovich,28.3,1565.9,,216.0,1502.8,166.0,1548.7,259.0,1417.0,,1649.2,2023-08,,150.0,0.26
WTA,2026-01-06,196,Ena Shibahara,27.7,1565.7,,182.0,1541.8,187.0,1514.2,189.0,1471.7,,1713.2,2024-11,,190.0,0.03
WTA,2026-01-06,197,Carole Monnet,23.9,1563.2,,234.0,1484.3,170.0,1544.4,280.0,1402.9,,1581.6,2025-11,,172.0,0.14
WTA,2026-01-06,198,Nao Hibino,30.9,1563.0,,183.0,1538.8,197.0,1504.9,215.0,1450.0,,1751.2,2015-09,,200.0,-0.01
WTA,2026-01-06,199,Susan Bandecchi,27.4,1562.0,,202.0,1521.8,221.0,1469.7,202.0,1460.3,,1581.4,2025-11,,249.0,-0.22
WTA,2026-01-06,200,Nuria Parrizas Diaz,34.1,1560.1,,187.0,1532.9,169.0,1544.5,237.0,1432.8,,1765.0,2022-02,,250.0,-0.22
WTA,2026-01-06,201,Katarzyna Kawa,33.0,1560.1,,257.0,1456.9,147.0,1572.1,166.0,1492.8,,1650.2,2025-07,,134.0,0.41
WTA,2026-01-06,202,Elena Pridankina,20.2,1559.7,,200.0,1522.3,160.0,1554.0,256.0,1418.9,,1658.2,2025-04,,187.0,0.08
WTA,2026-01-06,203,Aleksandra Krunic,32.4,1559.6,,214.0,1506.2,151.0,1562.7,141.0,1520.5,,1838.0,2018-01,,467.0,-0.83
WTA,2026-01-06,204,Clervie Ngounoue,19.2,1557.4,,191.0,1526.8,239.0,1448.2,250.0,1427.0,,1690.6,2025-08,,192.0,0.06
WTA,2026-01-06,205,Fiona Ferro,28.7,1557.2,,184.0,1538.4,186.0,1515.2,243.0,1430.4,,1864.6,2021-03,,364.0,-0.57
WTA,2026-01-06,206,Alina Charaeva,23.5,1554.1,,246.0,1475.6,154.0,1560.4,203.0,1459.5,,1637.2,2025-10,,160.0,0.25
WTA,2026-01-06,207,Elizara Yaneva,18.6,1553.2,,243.0,1477.1,231.0,1459.1,212.0,1451.6,,1615.6,2025-11,,362.0,-0.56
WTA,2026-01-06,208,Mona Barthel,35.4,1551.6,,193.0,1525.7,184.0,1519.8,276.0,1405.2,,2000.1,2012-05,,233.0,-0.11
WTA,2026-01-06,209,Katrina Scott,21.3,1550.7,,224.0,1494.3,200.0,1503.5,289.0,1397.6,,1696.9,2022-08,,319.0,-0.42
WTA,2026-01-06,210,Teodora Kostovic,18.4,1549.5,,279.0,1424.9,129.0,1599.4,217.0,1449.8,,1685.9,2025-10,,175.0,0.18
WTA,2026-01-06,211,Cadence Brace,20.6,1544.6,,199.0,1522.5,379.0,1313.6,218.0,1447.3,,1589.0,2025-10,,184.0,0.14
WTA,2026-01-06,212,Julieta Pareja,16.6,1543.3,,240.0,1479.4,193.0,1508.9,219.0,1446.6,,1619.7,2025-03,,345.0,-0.49
WTA,2026-01-06,213,Alisa Oktiabreva,17.1,1542.8,,339.0,1369.5,155.0,1560.3,220.0,1446.4,,1584.1,2025-08,,298.0,-0.34
WTA,2026-01-06,214,Guiomar Maristany Zuleta De Reales,26.7,1542.7,,273.0,1433.6,168.0,1545.4,272.0,1407.7,,1589.2,2025-05,,181.0,0.17
WTA,2026-01-06,215,Sachia Vickery,30.4,1542.4,,217.0,1502.4,180.0,1524.2,224.0,1442.1,,1736.9,2018-04,,560.0,-0.96
WTA,2026-01-06,216,Elizabeth Mandlik,24.5,1539.9,,189.0,1530.5,223.0,1467.5,148.0,1511.0,,1697.6,2023-07,,179.0,0.19
WTA,2026-01-06,217,Julia Riera,23.4,1539.7,,241.0,1478.5,190.0,1511.3,232.0,1436.6,,1731.2,2024-05,,178.0,0.2
WTA,2026-01-06,218,Francisca Jorge,25.6,1539.5,,195.0,1523.3,243.0,1442.4,186.0,1474.8,,1569.7,2025-11,,211.0,0.03
WTA,2026-01-06,219,Celine Naef,20.4,1536.8,,206.0,1515.0,264.0,1426.3,139.0,1525.6,,1713.2,2023-09,,302.0,-0.32
WTA,2026-01-06,220,Zarina Diyas,32.0,1536.5,,194.0,1525.4,214.0,1482.4,181.0,1480.3,,1856.6,2015-02,,281.0,-0.24
WTA,2026-01-06,221,Eva Bennemann,18.1,1535.5,,190.0,1529.4,304.0,1376.2,222.0,1442.8,,1535.5,2025-11,,382.0,-0.55
WTA,2026-01-06,222,Alice Rame,28.0,1535.4,,385.0,1321.4,181.0,1523.3,223.0,1442.7,,1596.5,2025-10,,191.0,0.15
WTA,2026-01-06,223,Sofia Costoulas,20.6,1534.7,,215.0,1503.8,210.0,1487.4,266.0,1411.8,,1625.2,2025-05,,159.0,0.34
WTA,2026-01-06,224,Andrea Lazaro Garcia,31.0,1534.2,,292.0,1410.5,174.0,1538.4,255.0,1419.4,,1564.0,2025-06,,180.0,0.22
WTA,2026-01-06,225,Alevtina Ibragimova,20.8,1533.9,,228.0,1491.2,225.0,1462.8,225.0,1442.0,,1551.8,2025-12,,307.0,-0.31
WTA,2026-01-06,226,Jule Niemeier,26.1,1531.4,,196.0,1523.0,202.0,1498.7,175.0,1485.7,,1867.6,2022-06,,244.0,-0.08
WTA,2026-01-06,227,Erika Andreeva,21.4,1530.9,,188.0,1532.3,233.0,1456.9,240.0,1432.6,,1795.0,2024-03,,264.0,-0.15
WTA,2026-01-06,228,Tara Wurth,23.1,1529.6,,287.0,1414.2,203.0,1498.4,228.0,1439.8,,1681.6,2022-07,,232.0,-0.02
WTA,2026-01-06,229,Mariam Bolkvadze,27.5,1529.1,,210.0,1509.9,366.0,1324.9,206.0,1454.5,,1622.4,2021-09,,293.0,-0.25
WTA,2026-01-06,230,Tereza Martincova,31.1,1527.5,,203.0,1520.0,260.0,1428.2,142.0,1519.7,,1811.8,2022-03,,464.0,-0.7
WTA,2026-01-06,231,Astra Sharma,30.1,1526.9,,233.0,1485.8,199.0,1503.7,211.0,1451.7,,1708.0,2019-04,,155.0,0.4
WTA,2026-01-06,232,Jessika Ponchet,29.1,1526.6,,231.0,1487.4,195.0,1507.5,204.0,1457.0,,1622.0,2024-06,,164.0,0.35
WTA,2026-01-06,233,Fangran Tian,22.2,1526.3,,212.0,1508.3,303.0,1378.2,231.0,1438.2,,1541.9,2025-11,,334.0,-0.36
WTA,2026-01-06,234,Louisa Chirico,29.4,1525.2,,255.0,1458.2,172.0,1540.7,285.0,1401.4,,1812.7,2016-10,,173.0,0.3
WTA,2026-01-06,235,Kayla Day,26.0,1524.3,,211.0,1508.4,205.0,1494.9,327.0,1373.5,,1756.9,2016-10,,256.0,-0.09
WTA,2026-01-06,236,Aliona Falei,21.6,1520.2,,220.0,1499.0,251.0,1434.2,235.0,1435.8,,1644.3,2024-04,,344.0,-0.38
WTA,2026-01-06,237,Maria Lourdes Carle,25.7,1519.7,,230.0,1490.9,201.0,1499.8,311.0,1384.1,,1768.7,2024-05,,148.0,0.47
WTA,2026-01-06,238,Mary Stoiana,22.4,1519.3,,218.0,1501.5,320.0,1366.3,236.0,1434.6,,1658.4,2024-10,,223.0,0.07
WTA,2026-01-06,239,Katie Swan,26.6,1519.1,,213.0,1506.5,290.0,1395.2,214.0,1450.6,,1661.3,2022-10,,270.0,-0.12
WTA,2026-01-06,240,Fiona Crawley,23.7,1515.4,,232.0,1486.2,342.0,1344.0,238.0,1432.7,,1590.4,2025-08,,240.0,0.0
WTA,2026-01-06,241,Mingge Xu,18.1,1515.3,,244.0,1477.0,310.0,1372.6,277.0,1403.8,,1566.3,2025-12,,230.0,0.05
WTA,2026-01-06,242,Chloe Paquet,31.4,1514.6,,258.0,1456.4,217.0,1477.2,306.0,1386.9,,1631.4,2024-08,,237.0,0.02
WTA,2026-01-06,243,Martina Trevisan,32.0,1513.2,,226.0,1491.8,196.0,1505.7,420.0,1329.2,,1803.7,2022-05,,696.0,-1.05
WTA,2026-01-06,244,Kajsa Rinaldo Persson,28.0,1512.3,,254.0,1458.3,253.0,1430.9,344.0,1364.3,,1554.8,2025-10,,271.0,-0.1
WTA,2026-01-06,245,Gabriela Andrea Knutson,28.6,1511.1,,229.0,1491.0,382.0,1310.7,216.0,1450.0,,1597.5,2024-07,,182.0,0.3
WTA,2026-01-06,246,Camilla Rosatello,30.5,1511.1,,278.0,1427.1,188.0,1513.6,328.0,1372.8,,1569.5,2025-10,,215.0,0.13
WTA,2026-01-06,247,Yeon Woo Ku,22.6,1510.1,,236.0,1482.4,316.0,1370.1,244.0,1430.1,,1521.1,2025-11,,189.0,0.27
WTA,2026-01-06,248,Emina Bektas,32.5,1509.5,,238.0,1481.6,375.0,1314.9,197.0,1464.9,,1692.4,2023-10,,304.0,-0.2
WTA,2026-01-06,249,Destanee Aiava,25.5,1509.0,,225.0,1493.2,277.0,1412.4,298.0,1392.5,,1640.5,2025-02,,235.0,0.06
WTA,2026-01-06,250,Sayaka Ishii,19.8,1508.9,,242.0,1477.4,324.0,1363.7,200.0,1461.0,,1577.3,2025-03,,408.0,-0.49
WTA,2026-01-06,251,Ekaterine Gorgodze,33.9,1507.7,,275.0,1430.0,219.0,1474.7,208.0,1453.5,,1609.9,2021-08,,176.0,0.35
WTA,2026-01-06,252,Kristina Dmitruk,21.9,1507.2,,223.0,1494.7,230.0,1460.5,297.0,1392.6,,1588.2,2025-03,,359.0,-0.35
WTA,2026-01-06,253,Aliona Bolsova,28.0,1507.2,,262.0,1445.6,209.0,1488.4,274.0,1406.6,,1726.6,2019-05,,231.0,0.09
WTA,2026-01-06,254,Anouk Koevermans,21.8,1507.0,,274.0,1431.5,185.0,1518.5,291.0,1397.1,,1669.6,2024-08,,194.0,0.27
WTA,2026-01-06,255,Wakana Sonobe,17.7,1506.0,,197.0,1523.0,372.0,1321.2,248.0,1428.0,,1733.6,2025-04,,227.0,0.12
WTA,2026-01-06,256,Jodie Burrage,26.3,1505.5,,227.0,1491.4,330.0,1359.1,196.0,1465.0,,1712.3,2023-07,,282.0,-0.1
WTA,2026-01-06,257,Ekaterina Reyngold,24.5,1505.3,,249.0,1472.2,249.0,1436.3,249.0,1427.6,,1523.5,2025-10,,296.0,-0.14
WTA,2026-01-06,258,Lisa Pigato,22.4,1504.9,,235.0,1484.2,218.0,1476.1,174.0,1486.0,,1620.8,2021-05,,266.0,-0.03
WTA,2026-01-06,259,Harmony Tan,28.0,1503.8,,247.0,1473.4,312.0,1371.6,160.0,1498.8,,1709.7,2022-08,,214.0,0.19
WTA,2026-01-06,260,Tyra Caterina Grant,17.7,1501.6,,266.0,1441.1,226.0,1462.8,251.0,1425.8,,1624.6,2025-06,,234.0,0.11
WTA,2026-01-06,261,Noma Noha Akugue,21.9,1501.5,,250.0,1470.4,247.0,1438.3,330.0,1372.3,,1668.1,2023-08,,269.0,-0.03
WTA,2026-01-06,262,Anastasia Gasanova,26.4,1500.8,,260.0,1452.5,220.0,1473.1,233.0,1436.5,,1644.4,2022-01,,212.0,0.21
WTA,2026-01-06,263,Viktoria Hruncakova,27.5,1497.1,,251.0,1467.7,252.0,1431.4,261.0,1416.5,,1890.8,2018-06,,219.0,0.18
WTA,2026-01-06,264,Amarissa Kiara Toth,22.7,1495.4,,284.0,1416.7,216.0,1480.3,252.0,1422.7,,1605.7,2025-06,,257.0,0.03
WTA,2026-01-06,265,Kayla Cross,20.6,1494.5,,239.0,1480.9,332.0,1357.3,406.0,1335.4,,1509.9,2025-11,,195.0,0.31
WTA,2026-01-06,266,Lina Gjorcheska,31.3,1492.2,,300.0,1404.0,207.0,1493.2,241.0,1431.9,,1636.7,2017-04,,202.0,0.28
WTA,2026-01-06,267,Ye Xin Ma,26.4,1491.1,,248.0,1472.9,406.0,1294.2,283.0,1401.9,,1510.7,2025-11,,228.0,0.16
WTA,2026-01-06,268,Sijia Wei,21.9,1488.3,,219.0,1499.2,373.0,1319.0,294.0,1393.5,,1762.6,2025-01,,287.0,-0.07
WTA,2026-01-06,269,Kyoka Okamura,30.1,1486.8,,264.0,1442.0,338.0,1348.3,154.0,1506.6,,1537.8,2025-09,,324.0,-0.19
WTA,2026-01-06,270,Vitalia Diatchenko,35.1,1486.6,,253.0,1465.5,288.0,1400.4,239.0,1432.7,,1829.9,2014-11,,529.0,-0.67
WTA,2026-01-06,271,Miriam Bianca Bulgaru,27.1,1485.7,,359.0,1353.6,241.0,1444.5,318.0,1380.2,,1590.4,2024-09,,196.0,0.32
WTA,2026-01-06,272,Arina Rodionova,35.9,1484.7,,252.0,1467.2,301.0,1379.3,209.0,1453.5,,1643.7,2017-07,,206.0,0.28
WTA,2026-01-06,273,Elena Ruxandra Bertea,19.5,1483.8,,315.0,1388.5,224.0,1465.5,260.0,1416.9,,1576.2,2025-09,,299.0,-0.09
WTA,2026-01-06,274,Despina Papamichail,32.8,1481.3,,299.0,1406.3,235.0,1454.9,226.0,1441.1,,1551.5,2022-10,,157.0,0.56
WTA,2026-01-06,275,Martyna Kubka,24.6,1478.6,,256.0,1457.9,319.0,1369.2,263.0,1414.3,,1478.6,2025-12,,323.0,-0.16
WTA,2026-01-06,276,Alexis Blokhina,21.1,1476.3,,261.0,1448.6,281.0,1409.4,264.0,1413.2,,1509.6,2025-06,,363.0,-0.27
WTA,2026-01-06,277,Ana Konjuh,27.4,1473.0,,245.0,1476.2,257.0,1429.5,199.0,1461.3,,1911.8,2017-02,,640.0,-0.84
WTA,2026-01-06,278,Manon Leonard,24.8,1471.5,,222.0,1496.1,456.0,1259.0,411.0,1333.9,,1574.5,2024-03,,199.0,0.33
WTA,2026-01-06,279,Mia Ristic,19.5,1470.5,,325.0,1380.2,258.0,1429.5,268.0,1410.3,,1662.1,2023-11,,267.0,0.04
WTA,2026-01-06,280,Mariia Tkacheva,23.2,1469.0,,237.0,1481.7,380.0,1312.1,269.0,1409.5,,1595.2,2024-11,,417.0,-0.4
WTA,2026-01-06,281,Yuriko Miyazaki,30.0,1468.2,,271.0,1435.3,401.0,1296.5,253.0,1420.4,,1629.1,2023-01,,241.0,0.15
WTA,2026-01-06,282,Vendula Valdmannova,17.9,1467.6,,268.0,1440.6,395.0,1301.5,270.0,1408.8,,1484.4,2025-12,,313.0,-0.1
WTA,2026-01-06,283,Ariana Geerlings,19.9,1465.7,,376.0,1335.9,261.0,1427.6,271.0,1407.8,,1485.3,2025-07,,331.0,-0.16
WTA,2026-01-06,284,Marina Bassols Ribera,25.9,1462.3,,267.0,1440.8,254.0,1430.8,262.0,1415.2,,1675.3,2024-01,,236.0,0.19
WTA,2026-01-06,285,Leyre Romero Gormaz,23.5,1459.7,,272.0,1435.1,268.0,1424.4,323.0,1375.3,,1656.1,2024-06,,140.0,0.71
WTA,2026-01-06,286,Amarni Banks,23.1,1459.2,,276.0,1428.4,367.0,1324.8,275.0,1406.1,,1555.1,2024-01,,327.0,-0.13
WTA,2026-01-06,287,Laura Pigossi,31.3,1458.0,,265.0,1441.5,272.0,1418.5,393.0,1340.2,,1607.5,2024-06,,198.0,0.37
WTA,2026-01-06,288,Ane Mintegi Del Olmo,22.0,1457.3,,291.0,1411.7,263.0,1427.2,278.0,1403.7,,1542.7,2025-06,,361.0,-0.23
WTA,2026-01-06,289,Lizette Cabrera,27.9,1456.0,,289.0,1412.7,337.0,1349.0,234.0,1435.9,,1588.0,2017-11,,275.0,0.05
WTA,2026-01-06,290,Luisina Giovannini,19.0,1455.2,,370.0,1342.6,246.0,1438.3,281.0,1402.6,,1481.2,2025-12,,220.0,0.28
WTA,2026-01-06,291,Silvia Ambrosio,28.8,1453.7,,373.0,1338.4,240.0,1444.6,284.0,1401.9,,1533.3,2023-06,,213.0,0.31
WTA,2026-01-06,292,Eva Vedder,26.0,1453.5,,259.0,1456.3,279.0,1411.0,265.0,1412.2,,1577.5,2025-08,,222.0,0.27
WTA,2026-01-06,293,Arianne Hartono,29.6,1452.8,,270.0,1435.5,306.0,1375.4,342.0,1364.6,,1610.6,2024-02,,255.0,0.14
WTA,2026-01-06,294,Rada Zolotareva,17.1,1450.9,,332.0,1376.3,345.0,1340.5,286.0,1400.5,,1508.9,2025-09,,513.0,-0.56
WTA,2026-01-06,295,Katherine Sebov,26.8,1448.9,,269.0,1436.8,305.0,1376.1,310.0,1384.6,,1701.7,2023-04,,243.0,0.19
WTA,2026-01-06,296,Selena Janicijevic,23.3,1448.8,,283.0,1417.1,278.0,1411.0,257.0,1418.2,,1576.3,2024-07,,221.0,0.29
WTA,2026-01-06,297,Jesika Maleckova,30.9,1448.6,,320.0,1384.2,267.0,1425.1,361.0,1353.6,,1571.1,2016-06,,691.0,-0.84
WTA,2026-01-06,298,Emeline Dartron,25.1,1447.4,,282.0,1418.1,284.0,1405.1,287.0,1398.7,,1525.5,2025-04,,500.0,-0.52
WTA,2026-01-06,299,Tessah Andrianjafitrimo,27.1,1446.7,,294.0,1410.2,271.0,1421.1,341.0,1366.6,,1550.6,2024-09,,273.0,0.09
WTA,2026-01-06,300,Caroline Uebelhoer,29.6,1445.9,,314.0,1388.8,245.0,1438.5,288.0,1398.0,,1519.2,2025-04,,245.0,0.2
WTA,2026-01-06,301,Mika Stojsavljevic,16.9,1443.7,,286.0,1414.6,350.0,1336.9,424.0,1327.2,,1456.5,2025-12,,291.0,0.03
WTA,2026-01-06,302,Jessica Pieri,28.6,1442.5,,337.0,1371.0,276.0,1413.1,308.0,1385.8,,1610.2,2021-05,,226.0,0.29
WTA,2026-01-06,303,Taylah Preston,20.0,1442.4,,263.0,1444.2,359.0,1329.5,365.0,1352.6,,1747.0,2024-03,,205.0,0.39
WTA,2026-01-06,304,Darya Astakhova,23.8,1442.3,,323.0,1382.1,229.0,1461.7,346.0,1364.0,,1642.7,2022-09,,427.0,-0.34
WTA,2026-01-06,305,Berfu Cengiz,26.1,1441.8,,303.0,1402.6,255.0,1430.6,322.0,1376.2,,1611.7,2024-06,,477.0,-0.45
WTA,2026-01-06,306,Anastasiya Soboleva,21.5,1441.4,,319.0,1386.2,269.0,1421.4,354.0,1356.8,,1571.2,2025-05,,263.0,0.15
WTA,2026-01-06,307,Jazmin Ortenzi,24.0,1440.9,,358.0,1353.8,262.0,1427.5,340.0,1367.1,,1500.9,2025-05,,217.0,0.35
WTA,2026-01-06,308,Mathilde Lollia,25.3,1439.8,,399.0,1306.2,273.0,1418.0,293.0,1394.9,,1472.7,2025-09,,442.0,-0.36
WTA,2026-01-06,309,Mei Yamaguchi,26.4,1438.8,,280.0,1424.5,381.0,1311.0,331.0,1371.7,,1544.4,2025-02,,285.0,0.08
WTA,2026-01-06,310,Elvina Kalieva,22.3,1436.4,,324.0,1381.5,270.0,1421.3,370.0,1350.8,,1596.2,2022-01,,203.0,0.42
WTA,2026-01-06,311,Patricia Maria Tig,31.0,1435.9,,304.0,1398.6,259.0,1429.1,422.0,1328.7,,1730.1,2020-09,,399.0,-0.25
WTA,2026-01-06,312,Tiphanie Fiquet,25.5,1435.8,,296.0,1409.7,302.0,1379.2,295.0,1392.9,,1449.7,2025-10,,326.0,-0.04
WTA,2026-01-06,313,Amandine Monnot,23.8,1435.4,,295.0,1410.1,331.0,1358.2,296.0,1392.7,,1446.0,2025-12,,407.0,-0.26
WTA,2026-01-06,314,Daria Kudashova,22.4,1432.0,,298.0,1407.7,300.0,1381.0,299.0,1391.0,,1560.3,2024-11,,736.0,-0.85
WTA,2026-01-06,315,Katarina Zavatska,25.8,1430.7,,342.0,1367.7,265.0,1426.1,321.0,1377.1,,1720.0,2019-11,,337.0,-0.07
WTA,2026-01-06,316,Anna Siskova,24.4,1429.0,,353.0,1358.5,280.0,1410.8,446.0,1316.7,,1506.7,2025-07,,259.0,0.2
WTA,2026-01-06,317,Hina Inoue,22.4,1425.7,,302.0,1403.6,460.0,1256.6,314.0,1382.5,,1550.8,2024-10,,238.0,0.29
WTA,2026-01-06,318,Ranah Akua Stoiber,20.4,1425.7,,326.0,1379.5,387.0,1309.3,381.0,1347.4,,1450.1,2025-08,,444.0,-0.33
WTA,2026-01-06,319,Zhibek Kulambayeva,25.4,1425.2,,442.0,1278.3,266.0,1425.3,303.0,1387.6,,1439.7,2025-09,,380.0,-0.17
WTA,2026-01-06,320,Ana Sofia Sanchez,31.5,1424.7,,312.0,1389.9,294.0,1388.6,304.0,1387.4,,1487.1,2025-07,,188.0,0.53
WTA,2026-01-06,321,Ayla Aksu,29.3,1423.9,,310.0,1390.4,326.0,1362.5,305.0,1387.0,,1516.1,2017-08,,415.0,-0.26
WTA,2026-01-06,322,Mai Hontama,26.2,1423.1,,308.0,1394.9,291.0,1394.1,353.0,1357.6,,1687.6,2024-03,,242.0,0.29
WTA,2026-01-06,323,Margaux Rouvroy,24.6,1422.9,,306.0,1397.0,313.0,1371.2,307.0,1386.4,,1545.4,2023-05,,377.0,-0.15
WTA,2026-01-06,324,Irina Bara,30.3,1422.1,,362.0,1350.6,289.0,1399.6,443.0,1317.8,,1670.0,2020-09,,351.0,-0.08
WTA,2026-01-06,325,Irene Burillo Escorihuela,28.3,1421.9,,355.0,1356.5,287.0,1400.6,362.0,1353.5,,1537.0,2024-06,,252.0,0.25
WTA,2026-01-06,326,Julia Avdeeva,23.3,1421.1,,311.0,1390.1,283.0,1407.2,347.0,1362.9,,1654.7,2024-02,,288.0,0.12
WTA,2026-01-06,327,Carol Zhao,30.2,1420.4,,297.0,1408.5,361.0,1327.4,258.0,1417.3,,1576.7,2017-11,,318.0,0.03
WTA,2026-01-06,328,Akasha Urhobo,18.6,1420.4,,349.0,1361.1,292.0,1389.8,309.0,1385.2,,1525.6,2024-06,,332.0,-0.01
WTA,2026-01-06,329,Amandine Hesse,32.7,1420.2,,318.0,1386.6,318.0,1369.6,426.0,1326.6,,1573.3,2015-09,,340.0,-0.03
WTA,2026-01-06,330,Valentina Ryser,24.6,1419.8,,350.0,1360.5,447.0,1267.3,173.0,1486.2,,1638.5,2025-06,,277.0,0.18
WTA,2026-01-06,331,En Shuo Liang,25.1,1419.7,,281.0,1424.3,396.0,1301.3,245.0,1429.9,,1621.7,2019-05,,394.0,-0.17
WTA,2026-01-06,332,Maaya Rajeshwaran Revathi,16.3,1416.8,,309.0,1392.9,370.0,1323.4,312.0,1383.4,,1631.1,2025-02,,643.0,-0.66
WTA,2026-01-06,333,Ylena In Albon,26.6,1416.4,,367.0,1345.9,299.0,1385.2,324.0,1373.9,,1591.7,2022-05,,405.0,-0.2
WTA,2026-01-06,334,Justina Mikulskyte,29.8,1414.6,,317.0,1386.9,275.0,1415.0,428.0,1326.0,,1527.5,2022-05,,216.0,0.44
WTA,2026-01-06,335,Matilde Jorge,21.6,1413.1,,307.0,1396.7,363.0,1325.8,315.0,1381.5,,1519.0,2025-06,,268.0,0.22
WTA,2026-01-06,336,Raluka Serban,28.4,1411.6,,316.0,1388.2,298.0,1385.9,301.0,1388.7,,1648.9,2022-04,,246.0,0.31
WTA,2026-01-06,337,Robin Anderson,32.3,1410.7,,321.0,1383.0,295.0,1388.4,359.0,1355.0,,1641.1,2019-10,,469.0,-0.33
WTA,2026-01-06,338,Barbora Palicova,21.7,1409.2,,335.0,1371.6,285.0,1404.8,313.0,1383.4,,1672.5,2022-11,,229.0,0.39
WTA,2026-01-06,339,Mina Hodzic,23.4,1407.5,,313.0,1388.9,339.0,1346.5,352.0,1360.8,,1534.3,2024-04,,468.0,-0.32
WTA,2026-01-06,340,Anastasia Zolotareva,23.8,1406.8,,334.0,1374.6,311.0,1372.4,319.0,1378.4,,1431.6,2025-12,,303.0,0.12
WTA,2026-01-06,341,Gabriela Lee,30.1,1406.5,,423.0,1291.9,282.0,1408.7,457.0,1310.9,,1608.8,2022-05,,329.0,0.04
WTA,2026-01-06,342,Sahaja Yamalapalli,24.9,1406.0,,336.0,1371.1,421.0,1283.9,302.0,1387.8,,1431.2,2024-12,,378.0,-0.1
WTA,2026-01-06,343,Sohyun Park,23.3,1404.1,,288.0,1414.0,344.0,1340.7,210.0,1452.1,,1536.6,2019-09,,262.0,0.27
WTA,2026-01-06,344,Whitney Osuigwe,23.5,1403.7,,338.0,1369.8,286.0,1404.0,462.0,1305.8,,1799.0,2019-05,,152.0,0.82
WTA,2026-01-06,345,Isabella Shinikova,34.0,1400.8,,285.0,1416.1,438.0,1271.9,477.0,1298.3,,1640.8,2019-10,,357.0,-0.03
WTA,2026-01-06,346,Ayana Akli,24.4,1400.6,,290.0,1411.9,409.0,1291.0,383.0,1346.8,,1559.9,2025-08,,251.0,0.32
WTA,2026-01-06,347,Aneta Kladivova,25.3,1397.4,,401.0,1304.5,296.0,1386.3,326.0,1373.7,,1498.6,2024-08,,433.0,-0.22
WTA,2026-01-06,348,Kathinka Von Deichmann,31.5,1397.3,,341.0,1368.0,293.0,1389.8,366.0,1352.6,,1625.3,2022-05,,260.0,0.29
WTA,2026-01-06,349,Xiaodi You,29.5,1396.7,,330.0,1377.9,354.0,1332.3,445.0,1317.0,,1517.7,2017-11,,283.0,0.21
WTA,2026-01-06,350,Nastasja Schunk,22.0,1396.2,,348.0,1361.7,323.0,1364.2,246.0,1428.8,,1675.1,2022-05,,297.0,0.16
WTA,2026-01-06,351,Lea Boskovic,26.0,1395.3,,329.0,1378.3,321.0,1364.8,273.0,1407.5,,1591.8,2024-08,,322.0,0.09
WTA,2026-01-06,352,Angela Fita Boluda,26.3,1394.9,,418.0,1297.2,314.0,1371.0,329.0,1372.4,,1561.8,2024-09,,261.0,0.3
WTA,2026-01-06,353,Sara Saito,19.1,1390.4,,293.0,1410.5,309.0,1373.2,484.0,1292.6,,1664.6,2024-07,,278.0,0.24
WTA,2026-01-06,354,Shrivalli Rashmikaa Bhamidipaty,23.8,1390.4,,343.0,1366.5,383.0,1310.2,332.0,1370.2,,1490.2,2024-02,,447.0,-0.23
WTA,2026-01-06,355,Astrid Lew Yan Foon,20.2,1389.9,,368.0,1344.3,329.0,1359.2,333.0,1369.9,,1438.9,2024-04,,354.0,0.0
WTA,2026-01-06,356,Eunhye Lee,25.5,1389.2,,327.0,1379.1,385.0,1309.6,334.0,1369.6,,1436.6,2025-11,,310.0,0.14
WTA,2026-01-06,357,Martina Colmegna,28.9,1388.9,,396.0,1309.5,325.0,1363.4,335.0,1369.5,,1526.9,2023-01,,450.0,-0.23
WTA,2026-01-06,358,Miho Kuramochi,27.4,1388.7,,346.0,1363.1,386.0,1309.3,339.0,1367.2,,1434.2,2024-01,,365.0,-0.02
WTA,2026-01-06,359,Yidi Yang,25.9,1388.4,,344.0,1364.0,352.0,1334.1,336.0,1369.2,,1400.4,2025-09,,368.0,-0.02
WTA,2026-01-06,360,Francesca Curmi,23.3,1388.2,,331.0,1377.0,317.0,1370.0,338.0,1369.1,,1502.4,2025-03,,341.0,0.05
WTA,2026-01-06,361,Tina Nadine Smith,23.4,1388.2,,333.0,1375.0,333.0,1356.6,337.0,1369.1,,1532.3,2025-02,,328.0,0.1
WTA,2026-01-06,362,Su Jeong Jang,30.6,1387.0,,354.0,1357.2,274.0,1415.7,407.0,1335.0,,1643.8,2017-05,,665.0,-0.61
WTA,2026-01-06,363,Sofya Lansere,25.1,1378.7,,322.0,1382.7,426.0,1279.4,345.0,1364.3,,1503.5,2024-01,,409.0,-0.12
WTA,2026-01-06,364,Gabriela Ce,32.7,1378.3,,425.0,1290.1,341.0,1344.9,400.0,1337.2,,1517.0,2022-05,,315.0,0.14
WTA,2026-01-06,365,Priska Madelyn Nugroho,22.4,1378.1,,352.0,1359.0,315.0,1370.2,230.0,1439.0,,1559.9,2020-03,,401.0,-0.09
WTA,2026-01-06,366,Sada Nahimana,24.6,1375.6,,416.0,1297.5,307.0,1375.4,348.0,1362.8,,1554.7,2025-05,,218.0,0.52
WTA,2026-01-06,367,Alicia Herrero Linana,26.9,1375.5,,421.0,1293.9,322.0,1364.8,349.0,1362.7,,1452.1,2025-10,,306.0,0.18
WTA,2026-01-06,368,Angelina Voloshchuk,18.4,1375.2,,356.0,1355.3,411.0,1290.3,350.0,1362.6,,1410.9,2025-09,,460.0,-0.22
WTA,2026-01-06,369,Anna Sinclair Rogers,27.6,1374.3,,371.0,1342.1,384.0,1309.9,325.0,1373.9,,1432.3,2024-11,,253.0,0.38
WTA,2026-01-06,370,Hanna Chang,27.7,1372.9,,379.0,1332.6,297.0,1386.2,452.0,1313.3,,1505.5,2025-04,,317.0,0.15
WTA,2026-01-06,371,Alessandra Mazzola,25.7,1372.5,,405.0,1301.3,328.0,1359.8,351.0,1361.3,,1514.5,2025-07,,484.0,-0.27
WTA,2026-01-06,372,Lea Ma,24.8,1371.9,,360.0,1352.9,377.0,1314.4,398.0,1338.3,,1435.9,2025-09,,343.0,0.08
WTA,2026-01-06,373,Cagla Buyukakcay,36.1,1369.8,,363.0,1350.5,335.0,1352.1,513.0,1249.2,,1727.7,2016-05,,355.0,0.05
WTA,2026-01-06,374,Jana Kolodynska,22.2,1368.9,,340.0,1369.3,478.0,1224.3,438.0,1320.6,,1443.8,2023-10,,598.0,-0.47
WTA,2026-01-06,375,Fangzhou Liu,29.7,1366.8,,347.0,1362.0,482.0,1219.5,442.0,1318.2,,1650.7,2015-03,,472.0,-0.23
WTA,2026-01-06,376,Usue Maitane Arconada,26.9,1366.7,,357.0,1354.9,431.0,1276.8,389.0,1344.4,,1669.8,2019-09,,656.0,-0.56
WTA,2026-01-06,377,Maria Sara Popa,20.1,1363.7,,465.0,1249.4,327.0,1361.5,355.0,1356.8,,1461.0,2023-09,,519.0,-0.32
WTA,2026-01-06,378,Ikumi Yamazaki,24.2,1363.6,,433.0,1284.8,248.0,1438.0,356.0,1356.8,,1493.3,2025-08,,389.0,-0.03
WTA,2026-01-06,379,Elena Malygina,25.4,1363.4,,328.0,1378.4,432.0,1275.8,242.0,1431.7,,1470.1,2019-02,,428.0,-0.12
WTA,2026-01-06,380,Karina Miller,23.0,1362.4,,345.0,1363.3,446.0,1267.5,357.0,1356.2,,1486.9,2024-11,,659.0,-0.55
WTA,2026-01-06,381,Jia Jing Lu,35.9,1359.9,,378.0,1333.2,369.0,1323.5,501.0,1270.5,,1530.1,2021-01,,412.0,-0.08
WTA,2026-01-06,382,Malaika Rapolu,22.5,1359.1,,364.0,1346.9,399.0,1297.0,360.0,1354.5,,1526.4,2024-11,,530.0,-0.33
WTA,2026-01-06,383,Haley Giavara,25.0,1358.5,,382.0,1326.4,440.0,1269.8,343.0,1364.5,,1423.4,2023-07,,379.0,0.01
WTA,2026-01-06,384,Victoria Rodriguez,30.5,1357.1,,369.0,1344.3,425.0,1279.8,363.0,1353.5,,1470.7,2015-10,,419.0,-0.09
WTA,2026-01-06,385,Oana Georgeta Simion,29.5,1355.4,,422.0,1292.7,347.0,1338.4,364.0,1352.7,,1392.5,2025-06,,490.0,-0.24
WTA,2026-01-06,386,Julie Belgraver,23.3,1355.2,,395.0,1310.6,371.0,1322.3,367.0,1352.6,,1581.5,2025-06,,258.0,0.4
WTA,2026-01-06,387,Elena Micic,21.3,1355.0,,375.0,1336.3,452.0,1262.4,368.0,1352.5,,1406.5,2025-01,,347.0,0.11
WTA,2026-01-06,388,Antonia Vergara Rivera,18.9,1352.4,,424.0,1291.2,346.0,1338.7,369.0,1351.2,,1395.9,2025-11,,425.0,-0.09
WTA,2026-01-06,389,Samira De Stefano,21.5,1350.7,,374.0,1337.9,481.0,1220.7,371.0,1350.3,,1395.4,2025-11,,338.0,0.14
WTA,2026-01-06,390,Carolina Alves,29.6,1350.4,,384.0,1322.6,349.0,1337.1,473.0,1301.7,,1582.2,2022-05,,239.0,0.49
WTA,2026-01-06,391,Weronika Ewald,19.7,1350.2,,410.0,1300.0,357.0,1331.6,372.0,1350.1,,1356.0,2025-11,,395.0,-0.01
WTA,2026-01-06,392,Dalila Jakupovic,34.6,1350.0,,372.0,1339.2,360.0,1328.1,455.0,1311.4,,1762.6,2018-07,,336.0,0.15
WTA,2026-01-06,393,Lisa Zaar,25.5,1349.0,,388.0,1318.1,393.0,1303.6,373.0,1349.5,,1386.3,2025-11,,424.0,-0.08
WTA,2026-01-06,394,Radka Zelnickova,22.4,1348.3,,391.0,1317.5,451.0,1263.0,374.0,1349.2,,1368.0,2025-11,,456.0,-0.15
WTA,2026-01-06,395,Federica Urgesi,20.8,1348.2,,447.0,1272.2,336.0,1351.5,375.0,1349.1,,1409.0,2025-11,,443.0,-0.11
WTA,2026-01-06,396,Meiling Wang,25.5,1347.4,,365.0,1346.3,429.0,1278.8,376.0,1348.7,,1501.5,2024-05,,544.0,-0.32
WTA,2026-01-06,397,Tatiana Pieri,26.6,1347.2,,420.0,1296.3,364.0,1325.8,377.0,1348.6,,1415.2,2025-09,,349.0,0.13
WTA,2026-01-06,398,Yasmine Mansouri,24.4,1346.3,,393.0,1314.8,487.0,1211.4,378.0,1348.1,,1399.3,2024-11,,402.0,-0.01
WTA,2026-01-06,399,Anja Stankovic,20.4,1345.8,,429.0,1287.9,374.0,1315.3,379.0,1347.9,,1400.2,2025-08,,495.0,-0.22
WTA,2026-01-06,400,Viktoria Morvayova,24.7,1345.3,,386.0,1321.1,450.0,1263.1,380.0,1347.7,,1360.5,2025-11,,346.0,0.15
WTA,2026-01-06,401,Rina Saigo,25.1,1344.5,,380.0,1332.2,465.0,1248.3,390.0,1343.8,,1407.3,2023-05,,308.0,0.26
WTA,2026-01-06,402,Sofia Rocchetti,23.2,1344.3,,446.0,1272.6,356.0,1331.9,382.0,1347.1,,1366.9,2025-11,,677.0,-0.52
WTA,2026-01-06,403,Amelia Rajecki,23.4,1343.9,,438.0,1281.8,415.0,1286.9,391.0,1343.6,,1468.1,2024-06,,452.0,-0.11
WTA,2026-01-06,404,Dasha Plekhanova,21.6,1343.2,,381.0,1330.1,467.0,1247.4,384.0,1346.6,,1414.0,2025-10,,601.0,-0.4
WTA,2026-01-06,405,Makenna Jones,27.4,1342.9,,351.0,1359.1,398.0,1297.2,385.0,1346.4,,1540.5,2023-10,,730.0,-0.59
WTA,2026-01-06,406,Tena Lukas,30.3,1342.7,,415.0,1298.0,343.0,1342.4,431.0,1324.5,,1543.0,2018-07,,445.0,-0.09
WTA,2026-01-06,407,Wushuang Zheng,26.9,1341.5,,361.0,1351.6,480.0,1222.2,386.0,1345.7,,1518.4,2025-04,,286.0,0.35
WTA,2026-01-06,408,Hiromi Abe,25.5,1340.0,,383.0,1325.6,417.0,1285.0,387.0,1345.0,,1376.6,2025-06,,358.0,0.13
WTA,2026-01-06,409,Anastasia Abbagnato,21.9,1339.3,,428.0,1288.4,351.0,1334.4,388.0,1344.7,,1447.4,2025-10,,418.0,-0.02
WTA,2026-01-06,410,Saki Imamura,23.6,1338.0,,389.0,1318.1,420.0,1284.0,403.0,1336.0,,1427.6,2025-10,,374.0,0.09
WTA,2026-01-06,411,Haruka Kaji,31.1,1336.9,,377.0,1334.6,404.0,1294.6,316.0,1381.0,,1517.5,2025-03,,300.0,0.31
WTA,2026-01-06,412,Anouck Vrancken Peeters,22.7,1336.8,,366.0,1346.2,449.0,1264.1,415.0,1331.2,,1356.3,2025-12,,290.0,0.35
WTA,2026-01-06,413,Emily Appleton,26.1,1334.0,,426.0,1289.7,466.0,1247.5,410.0,1334.5,,1437.9,2024-06,,375.0,0.1
WTA,2026-01-06,414,Kira Pavlova,21.5,1332.8,,402.0,1304.3,424.0,1281.4,392.0,1341.4,,1394.5,2024-04,,422.0,-0.02
WTA,2026-01-06,415,Maria Mateas,26.0,1329.7,,397.0,1307.2,389.0,1305.4,454.0,1312.4,,1528.7,2017-09,,383.0,0.08
WTA,2026-01-06,416,Anastasia Kulikova,25.6,1328.7,,398.0,1306.7,362.0,1327.3,434.0,1322.4,,1667.1,2021-07,,510.0,-0.2
WTA,2026-01-06,417,Laura Mair,22.9,1328.7,,455.0,1263.9,348.0,1337.7,395.0,1339.3,,1424.3,2025-10,,628.0,-0.41
WTA,2026-01-06,418,Nahia Berecoechea,21.4,1328.7,,470.0,1240.3,340.0,1345.6,394.0,1339.3,,1345.8,2025-09,,474.0,-0.13
WTA,2026-01-06,419,Momoko Kobori,27.1,1327.5,,408.0,1301.1,462.0,1252.6,459.0,1308.2,,1439.9,2018-05,,421.0,0.0
WTA,2026-01-06,420,Dalila Spiteri,28.5,1326.8,,441.0,1278.5,388.0,1309.2,396.0,1338.4,,1488.8,2023-07,,335.0,0.23
WTA,2026-01-06,421,Yaroslava Bartashevich,20.6,1326.8,,448.0,1271.2,394.0,1302.7,397.0,1338.4,,1499.9,2025-04,,459.0,-0.09
WTA,2026-01-06,422,Maria Kozyreva,26.4,1326.1,,390.0,1318.0,418.0,1285.0,399.0,1338.0,,1586.1,2024-03,,432.0,-0.02
WTA,2026-01-06,423,Anastasia Tikhonova,24.8,1326.1,,406.0,1301.3,368.0,1323.5,320.0,1378.4,,1592.0,2022-03,,254.0,0.51
WTA,2026-01-06,424,Maria Martinez Vaquero,23.8,1323.6,,411.0,1300.0,439.0,1270.9,402.0,1336.8,,1418.2,2025-08,,501.0,-0.17
WTA,2026-01-06,425,Miriana Tona,30.7,1321.8,,394.0,1313.0,402.0,1295.8,404.0,1335.9,,1429.3,2024-04,,353.0,0.19
WTA,2026-01-06,426,Zongyu Li,22.4,1321.3,,409.0,1300.1,408.0,1292.0,405.0,1335.6,,1441.8,2025-03,,462.0,-0.08
WTA,2026-01-06,427,Vivian Wolff,27.0,1320.1,,387.0,1318.7,443.0,1268.7,408.0,1335.0,,1454.9,2024-05,,325.0,0.27
WTA,2026-01-06,428,Lina Glushko,25.8,1319.9,,407.0,1301.3,392.0,1304.1,300.0,1389.4,,1581.4,2019-02,,684.0,-0.47
WTA,2026-01-06,429,Georgia Pedone,21.0,1317.0,,510.0,1171.2,353.0,1333.4,429.0,1325.8,,1563.8,2024-09,,352.0,0.2
WTA,2026-01-06,430,Josy Daems,19.6,1316.9,,460.0,1259.1,453.0,1260.7,412.0,1333.4,,1373.7,2025-08,,494.0,-0.14
WTA,2026-01-06,431,Martina Okalova,28.3,1314.5,,404.0,1303.2,434.0,1275.5,413.0,1332.3,,1504.3,2025-05,,410.0,0.05
WTA,2026-01-06,432,Lucija Ciric Bagaric,21.7,1313.7,,453.0,1264.3,376.0,1314.9,460.0,1307.6,,1540.7,2024-07,,414.0,0.04
WTA,2026-01-06,433,Diletta Cherubini,23.5,1312.8,,449.0,1269.0,391.0,1304.2,414.0,1331.4,,1417.6,2025-06,,367.0,0.17
WTA,2026-01-06,434,Sara Cakarevic,28.6,1312.4,,437.0,1282.7,400.0,1296.6,416.0,1331.2,,1459.6,2024-10,,578.0,-0.29
WTA,2026-01-06,435,Andreea Prisacariu,25.6,1310.5,,461.0,1258.3,430.0,1277.1,417.0,1330.2,,1380.7,2022-05,,508.0,-0.16
WTA,2026-01-06,436,Ella Mcdonald,20.2,1309.6,,498.0,1204.0,441.0,1269.8,358.0,1356.2,,1487.4,2025-06,,524.0,-0.18
WTA,2026-01-06,437,Noemi Basiletti,19.7,1309.5,,479.0,1222.6,365.0,1325.0,418.0,1329.7,,1452.1,2025-08,,496.0,-0.13
WTA,2026-01-06,438,Diana Martynov,24.4,1308.9,,431.0,1286.0,410.0,1290.4,419.0,1329.4,,1521.5,2024-10,,616.0,-0.34
WTA,2026-01-06,439,Daria Lodikova,29.4,1307.8,,472.0,1234.1,397.0,1301.1,421.0,1328.9,,1453.4,2024-10,,531.0,-0.19
WTA,2026-01-06,440,Denislava Glushkova,21.8,1307.4,,301.0,1403.7,416.0,1286.8,279.0,1403.7,,1441.2,2023-04,,392.0,0.12
WTA,2026-01-06,441,Madison Sieg,22.3,1306.7,,436.0,1283.6,458.0,1257.9,423.0,1328.4,,1336.0,2025-07,,441.0,0.0
WTA,2026-01-06,442,Jessica Failla,28.2,1305.4,,412.0,1299.9,489.0,1209.5,448.0,1316.4,,1414.0,2024-06,,783.0,-0.57
WTA,2026-01-06,443,Rasheeda Mcadoo,30.3,1304.3,,443.0,1277.3,472.0,1233.2,425.0,1327.2,,1332.8,2025-09,,465.0,-0.05
WTA,2026-01-06,444,Ayano Shimizu,27.6,1303.7,,454.0,1264.3,488.0,1210.2,401.0,1336.9,,1527.1,2018-07,,411.0,0.08
WTA,2026-01-06,445,Tessa Johanna Brockmann,20.0,1302.8,,440.0,1280.1,442.0,1269.1,427.0,1326.4,,1445.0,2025-08,,289.0,0.43
WTA,2026-01-06,446,Han Shi,20.4,1302.3,,403.0,1304.1,435.0,1274.9,444.0,1317.2,,1657.2,2024-08,,435.0,0.02
WTA,2026-01-06,447,Ekaterina Makarova,29.3,1302.2,,468.0,1247.1,428.0,1279.0,515.0,1230.7,,1452.8,2024-07,,400.0,0.11
WTA,2026-01-06,448,Ksenia Zaytseva,21.1,1299.8,,432.0,1285.8,433.0,1275.7,430.0,1324.9,,1468.1,2023-12,,579.0,-0.26
WTA,2026-01-06,449,Jamie Loeb,30.2,1298.6,,444.0,1277.0,448.0,1265.4,491.0,1285.3,,1668.4,2017-04,,572.0,-0.24
WTA,2026-01-06,450,Carlota Martinez Cirez,24.5,1298.0,,492.0,1207.2,414.0,1287.4,466.0,1305.1,,1420.6,2025-07,,437.0,0.03
WTA,2026-01-06,451,Meiqi Guo,25.7,1297.7,,463.0,1252.5,445.0,1267.9,432.0,1323.9,,1346.6,2025-09,,455.0,-0.01
WTA,2026-01-06,452,Ilinca Dalina Amariei,23.2,1296.7,,483.0,1218.2,419.0,1284.3,433.0,1323.4,,1358.3,2024-01,,471.0,-0.04
WTA,2026-01-06,453,Eudice Wong Chong,29.5,1295.0,,392.0,1315.7,494.0,1195.7,290.0,1397.5,,1640.2,2014-02,,595.0,-0.27
WTA,2026-01-06,454,Aurora Zantedeschi,25.0,1294.6,,508.0,1178.0,405.0,1294.5,435.0,1322.3,,1526.9,2025-03,,320.0,0.35
WTA,2026-01-06,455,Elina Nepliy,28.0,1293.1,,457.0,1263.2,390.0,1305.1,436.0,1321.6,,1369.6,2025-10,,644.0,-0.35
WTA,2026-01-06,456,Malene Helgo,26.0,1292.8,,413.0,1298.3,455.0,1259.5,292.0,1396.4,,1538.2,2017-04,,533.0,-0.16
WTA,2026-01-06,457,Ipek Oz,26.3,1292.6,,400.0,1305.1,436.0,1273.1,486.0,1290.3,,1563.9,2022-05,,511.0,-0.11
WTA,2026-01-06,458,Petra Hule,26.6,1292.5,,434.0,1284.4,412.0,1290.3,509.0,1260.0,,1511.9,2024-02,,792.0,-0.55
WTA,2026-01-06,459,Ena Koike,19.0,1292.4,,451.0,1266.7,469.0,1245.4,437.0,1321.2,,1385.2,2025-06,,567.0,-0.21
WTA,2026-01-06,460,Ankita Raina,32.7,1291.7,,456.0,1263.3,355.0,1332.3,495.0,1282.5,,1517.7,2018-04,,577.0,-0.23
WTA,2026-01-06,461,Ekaterina Ovcharenko,24.8,1290.0,,458.0,1260.6,403.0,1295.3,439.0,1320.0,,1402.6,2025-09,,478.0,-0.04
WTA,2026-01-06,462,Iva Primorac,29.4,1289.9,,484.0,1217.5,378.0,1314.0,440.0,1320.0,,1436.2,2024-09,,600.0,-0.26
WTA,2026-01-06,463,Urszula Radwanska,34.9,1287.3,,452.0,1264.5,358.0,1331.4,449.0,1315.9,,1885.0,2012-09,,446.0,0.04
WTA,2026-01-06,464,Lia Karatancheva,22.1,1287.0,,477.0,1227.2,461.0,1255.4,441.0,1318.5,,1478.0,2025-05,,292.0,0.46
WTA,2026-01-06,465,Alana Smith,25.9,1286.4,,439.0,1280.6,510.0,1154.9,456.0,1311.1,,1489.9,2024-11,,423.0,0.09
WTA,2026-01-06,466,Georgia Andreea Craciun,26.2,1283.1,,505.0,1189.5,423.0,1282.6,447.0,1316.6,,1414.9,2024-11,,491.0,-0.05
WTA,2026-01-06,467,Riya Bhatia,28.0,1281.9,,481.0,1221.9,463.0,1251.9,489.0,1286.8,,1363.5,2025-09,,534.0,-0.13
WTA,2026-01-06,468,Jenny Lim,20.7,1280.9,,497.0,1205.3,413.0,1288.1,450.0,1315.4,,1477.7,2024-05,,564.0,-0.19
WTA,2026-01-06,469,Alice Robbe,25.5,1279.2,,482.0,1221.2,334.0,1356.4,470.0,1303.8,,1499.5,2023-10,,589.0,-0.23
WTA,2026-01-06,470,Valeriya Strakhova,30.4,1278.5,,502.0,1192.7,437.0,1271.9,451.0,1314.3,,1455.2,2025-03,,387.0,0.19
WTA,2026-01-06,471,Ekaterina Kazionova,26.8,1277.2,,495.0,1205.5,407.0,1294.0,483.0,1292.7,,1515.5,2025-07,,404.0,0.15
WTA,2026-01-06,472,Melisa Ercan,20.0,1275.4,,427.0,1288.8,490.0,1209.2,453.0,1312.7,,1454.3,2024-07,,614.0,-0.26
WTA,2026-01-06,473,Akiko Omae,32.3,1275.3,,450.0,1267.1,509.0,1159.1,514.0,1245.6,,1368.4,2011-10,,868.0,-0.61
WTA,2026-01-06,474,Gina Marie Dittmann,23.1,1270.0,,445.0,1273.7,479.0,1224.3,458.0,1310.0,,1326.6,2025-09,,521.0,-0.09
WTA,2026-01-06,475,Leonie Kung,24.9,1268.4,,417.0,1297.5,474.0,1226.5,511.0,1256.0,,1632.1,2021-03,,348.0,0.31
WTA,2026-01-06,476,Jasmijn Gimbrere,24.7,1264.3,,486.0,1216.0,422.0,1283.3,504.0,1263.7,,1371.5,2025-08,,497.0,-0.04
WTA,2026-01-06,477,Emily Seibold,25.6,1262.5,,485.0,1216.8,464.0,1249.1,461.0,1306.3,,1338.0,2023-01,,463.0,0.03
WTA,2026-01-06,478,Pia Lovric,23.5,1262.0,,419.0,1296.4,457.0,1258.2,317.0,1381.0,,1532.9,2022-04,,504.0,-0.05
WTA,2026-01-06,479,Kristina Novak,25.2,1261.7,,414.0,1298.1,501.0,1172.3,463.0,1305.8,,1336.8,2025-10,,698.0,-0.38
WTA,2026-01-06,480,Gabriella Da Silva Fick,25.2,1261.3,,473.0,1232.3,468.0,1245.7,464.0,1305.7,,1310.4,2025-11,,587.0,-0.2
WTA,2026-01-06,481,Marine Szostak,23.7,1261.2,,474.0,1230.3,454.0,1260.3,465.0,1305.6,,1285.4,2025-10,,574.0,-0.18
WTA,2026-01-06,482,Evialina Laskevich,20.9,1260.2,,467.0,1247.7,491.0,1208.5,467.0,1305.1,,1581.0,2024-07,,720.0,-0.4
WTA,2026-01-06,483,Veronika Podrez,18.8,1258.6,,430.0,1287.7,513.0,1148.7,468.0,1304.3,,1268.5,2025-03,,284.0,0.53
WTA,2026-01-06,484,Nicole Fossa Huergo,30.4,1258.1,,435.0,1284.0,492.0,1200.7,469.0,1304.1,,1453.7,2024-12,,393.0,0.21
WTA,2026-01-06,485,Jiaqi Wang,23.5,1257.5,,464.0,1252.2,476.0,1225.9,471.0,1303.7,,1355.4,2025-09,,487.0,0.0
WTA,2026-01-06,486,Cristina Diaz Adrover,19.9,1255.4,,500.0,1200.2,444.0,1268.7,472.0,1302.7,,1359.0,2025-09,,386.0,0.23
WTA,2026-01-06,487,Hong Yi Cody Wong,23.6,1253.4,,480.0,1222.4,459.0,1257.7,474.0,1301.7,,1398.7,2025-01,,615.0,-0.23
WTA,2026-01-06,488,Antonia Schmidt,24.3,1252.5,,466.0,1249.1,500.0,1175.9,475.0,1301.2,,1393.6,2025-02,,371.0,0.27
WTA,2026-01-06,489,Jessica Bertoldo,33.0,1248.9,,471.0,1239.4,484.0,1214.3,476.0,1299.4,,1340.8,2025-05,,527.0,-0.07
WTA,2026-01-06,490,Sapfo Sakellaridi,22.6,1241.4,,516.0,1121.5,470.0,1242.9,478.0,1295.7,,1437.6,2023-07,,397.0,0.21
WTA,2026-01-06,491,Xinxin Yao,22.0,1239.3,,462.0,1258.1,498.0,1184.5,479.0,1294.7,,1539.4,2025-01,,396.0,0.22
WTA,2026-01-06,492,Ruien Zhang,17.4,1239.2,,475.0,1228.5,471.0,1234.6,480.0,1294.6,,1349.0,2025-04,,673.0,-0.31
WTA,2026-01-06,493,Ying Zhang,29.6,1237.3,,476.0,1227.9,497.0,1189.2,481.0,1293.6,,1289.7,2014-04,,542.0,-0.09
WTA,2026-01-06,494,Lucia Cortez Llorca,25.4,1235.8,,513.0,1149.5,427.0,1279.3,482.0,1292.9,,1483.2,2024-08,,550.0,-0.11
WTA,2026-01-06,495,Sofia Shapatava,36.7,1234.3,,489.0,1209.7,475.0,1226.3,507.0,1262.5,,1540.0,2014-06,,381.0,0.26
WTA,2026-01-06,496,Weronika Falkowska,25.4,1228.0,,469.0,1246.3,505.0,1165.3,487.0,1289.0,,1411.9,2022-11,,503.0,-0.01
WTA,2026-01-06,497,Ayumi Koshiishi,25.2,1223.7,,488.0,1213.3,473.0,1226.9,488.0,1286.9,,1375.8,2024-10,,448.0,0.1
WTA,2026-01-06,498,Victoria Hu,23.4,1222.1,,490.0,1208.1,493.0,1196.2,490.0,1286.0,,1478.5,2024-02,,372.0,0.29
WTA,2026-01-06,499,Eri Shimizu,27.4,1220.9,,496.0,1205.4,477.0,1225.4,485.0,1291.6,,1466.2,2024-09,,406.0,0.21
WTA,2026-01-06,500,Ana Candiotto,21.5,1217.9,,493.0,1207.0,495.0,1195.0,492.0,1283.9,,1274.3,2025-10,,506.0,-0.01
WTA,2026-01-06,501,Clara Vlasselaer,24.5,1217.7,,494.0,1206.5,485.0,1212.5,493.0,1283.8,,1335.4,2024-10,,687.0,-0.32
WTA,2026-01-06,502,Sarah Iliev,18.9,1216.4,,499.0,1203.7,502.0,1172.2,494.0,1283.2,,1414.8,2023-05,,666.0,-0.28
WTA,2026-01-06,503,Naho Sato,24.8,1208.8,,504.0,1189.7,483.0,1219.4,496.0,1279.4,,1430.8,2024-05,,778.0,-0.44
WTA,2026-01-06,504,Verena Meliss,28.1,1197.1,,506.0,1184.6,511.0,1153.6,497.0,1273.6,,1239.0,2025-09,,539.0,-0.07
WTA,2026-01-06,505,Vaishnavi Adkar,20.8,1193.3,,507.0,1178.1,486.0,1211.6,498.0,1271.6,,1215.4,2025-10,,681.0,-0.3
WTA,2026-01-06,506,Sakura Hosogi,25.6,1191.8,,509.0,1175.8,496.0,1191.1,500.0,1270.9,,1368.2,2022-12,,314.0,0.48
WTA,2026-01-06,507,Yufei Ren,19.6,1188.3,,503.0,1190.3,506.0,1164.6,502.0,1269.2,,1428.5,2024-05,,498.0,0.02
WTA,2026-01-06,508,Ellie Schoppe,23.9,1186.0,,501.0,1197.1,499.0,1183.7,503.0,1268.0,,1340.4,2025-09,,588.0,-0.15
WTA,2026-01-06,509,Lian Tran,23.2,1185.7,,491.0,1207.9,504.0,1165.7,499.0,1271.0,,1501.0,2025-02,,420.0,0.19
WTA,2026-01-06,510,Natalija Senic,22.8,1177.3,,459.0,1260.4,515.0,1123.8,505.0,1263.7,,1291.3,2025-03,,366.0,0.33
WTA,2026-01-06,511,Amina Anshba,26.1,1175.6,,514.0,1149.3,508.0,1159.3,506.0,1262.8,,1385.6,2024-09,,699.0,-0.31
WTA,2026-01-06,512,Katarina Jokic,27.6,1174.7,,512.0,1152.3,507.0,1164.3,508.0,1262.3,,1440.2,2022-01,,309.0,0.5
WTA,2026-01-06,513,Martha Matoula,28.4,1169.2,,478.0,1223.1,503.0,1167.4,409.0,1334.6,,1571.3,2022-08,,388.0,0.28
WTA,2026-01-06,514,Demi Tran,24.8,1168.1,,487.0,1214.1,516.0,1109.8,510.0,1259.1,,1298.0,2024-07,,746.0,-0.37
WTA,2026-01-06,515,Jana Otzipka,20.7,1157.2,,511.0,1169.1,512.0,1152.7,512.0,1253.6,,1280.2,2025-04,,617.0,-0.18
WTA,2026-01-06,516,Rinko Matsuda,20.6,1132.4,,515.0,1125.1,514.0,1140.7,516.0,1210.7,,1203.6,2025-06,,526.0,-0.02
WTA,2026-01-06,517,Nadiya Kolb,32.7,1079.8,,517.0,1081.5,518.0,1101.7,519.0,1179.3,,1208.9,2011-06,,,
WTA,2026-01-06,518,Celia Cervino Ruiz,27.9,1065.4,,519.0,1068.5,517.0,1107.6,517.0,1207.7,,1200.0,2022-06,,757.0,-0.38
WTA,2026-01-06,519,Alba Rey Garcia,23.3,1062.7,,518.0,1078.0,519.0,1083.1,518.0,1206.4,,1169.0,2024-08,,604.0,-0.15
WTA,2026-01-06,Elo RankPlayerAgeElo hElo RankhElocElo RankcElogElo RankgElo Peak EloPeak Month WTA RankLog diff 1Aryna Sabalenka27.42206.512157.612122.511979.92218.82025-1110 2Iga Swiatek24.42138.332081.322068.421964.92291.02024-0720 3Elena Rybakina26.32134.222095.041992.031901.02155.62024-045-0.51 4Coco Gauff21.62104.742049.532059.951858.12155.72024-0140 5Amanda Anisimova24.12078.852030.4101876.641900.12086.92025-1130.51 6Jessica Pegula31.62031.361993.091878.061845.72094.92024-0160 7Jasmine Paolini29.82022.871964.951948.581820.82058.12025-108-0.13 8Elina Svitolina31.01969.5151895.661915.7101786.02120.62018-0513-0.49 9Belinda Bencic28.61962.1101919.4281778.1121777.52100.02015-0911-0.20 10Victoria Mboko19.11960.9111918.9181807.1401694.31969.62025-0718-0.59 11Madison Keys30.71953.8121902.681879.9131775.12090.12016-0870.45 12Karolina Muchova29.11948.881920.9241797.7261721.02029.12023-0820-0.51 13Ekaterina Alexandrova30.91945.7161886.8121833.491809.61977.22020-02100.26 14Marketa Vondrousova26.31944.3201861.6201806.771824.72062.52023-0834-0.89 15Mirra Andreeva18.41943.491920.671898.9181750.12159.22025-0390.51 16Naomi Osaka27.91940.2131899.0171807.4251725.02193.32021-03160 17Linda Noskova20.91938.9141897.7401757.1141771.61959.92025-10120.35 18Tereza Valentova18.61915.8181880.4141822.0491676.71939.52025-1060-1.20 19Leylah Fernandez23.11911.2171885.4551728.5241727.31977.32022-0322-0.15 20Marta Kostyuk23.21908.0191876.6131822.4581663.01986.12024-0426-0.26 21Qinwen Zheng22.91904.6221855.5111865.5591660.22098.32024-1124-0.13 22Janice Tjen23.41897.7211861.1721698.8391698.81897.72025-1054-0.90 23Anna Kalinskaya26.91893.6231850.1421754.1231727.81948.62024-0433-0.36 24Elise Mertens29.91887.6311825.4151817.3171752.32042.72021-04190.23 25Emma Raducanu22.91880.8321823.5271784.3221731.31998.02021-0829-0.15 26Clara Tauson22.81875.7301827.9351766.4371704.91949.02025-07140.62 27Victoria Azarenka36.01875.3241839.1321769.2291719.92312.32013-03144-1.67 28Barbora Krejcikova29.91872.4281829.8811687.4161763.72054.42021-0863-0.81 29Mccartney Kessler26.21872.1251836.11091629.8191748.41933.32025-0331-0.07 30Liudmila Samsonova26.91871.8361801.6261792.2111780.51984.32023-10170.57 31Katerina Siniakova29.41871.6291829.1571728.3201747.31950.52017-0147-0.42 32Emma Navarro24.31870.3331817.6291777.7151768.32002.72024-08150.76 33Eva Lys23.71868.3271830.1441747.1611655.71896.22025-1039-0.17 34Anastasia Potapova24.41856.7371800.8211804.0521675.11920.52023-0655-0.48 35Sorana Cirstea35.51856.0261834.3511737.8751633.21928.22009-0841-0.16 36Diana Shnaider21.51852.3351802.0221800.8281720.01976.12024-08210.54 37Marie Bouzkova27.21850.8341808.7331766.7541673.41958.32022-1046-0.22 38Danielle Collins31.61844.4471772.3161808.7471680.32061.12024-0562-0.49 39Anastasia Pavlyuchenkova34.11840.1381799.2461743.7331711.42058.12011-0544-0.12 40Veronika Kudermetova28.41836.4401785.9361764.7351709.51981.12023-05300.29 41Maya Joint19.51835.6431777.1341766.5341711.41889.32025-09320.25 42Dayana Yastremska25.41831.8491762.1391758.0361708.41978.42019-02270.44 43Taylor Townsend29.41825.2391794.6631718.7801622.01849.62025-08116-0.99 44Olga Danilovic24.71821.9631733.5251797.5691641.31883.72025-0567-0.42 45Ons Jabeur30.81817.9411781.0451744.9421692.02110.52022-0695-0.75 46Daria Kasatkina28.31815.8461774.0311774.2311713.92036.52018-03400.14 47Ann Li25.31814.5481766.2581724.21081576.81894.42021-03370.24 48Maria Sakkari30.21814.4441776.2301777.1621655.62067.52022-0351-0.06 49Jelena Ostapenko28.31814.4511754.4231799.0211746.62029.52017-10230.76 50Lois Boisson22.31811.31361609.9191806.91161557.61855.32025-07360.33 51Paula Badosa27.81810.3451775.3601721.4631655.12078.12022-01250.71 52Lulu Sun24.51808.1421779.41261606.0601656.11831.62024-0886-0.50 53Sofia Kenin26.91802.7531750.2431748.1651645.72057.02020-02280.64 54Jessica Bouzas Maneiro23.01802.3591737.4521737.5531674.21857.32025-08420.25 55Iva Jovic17.91800.3611736.0841682.8321713.81867.92025-09350.45 56Jaqueline Cristian27.31798.8521754.1471741.61791482.31816.52025-05380.39 57Sonay Kartal24.11791.2571741.71531560.9441690.21828.12024-1068-0.18 58Viktorija Golubic33.01788.3501755.11131619.9671644.61836.22021-0780-0.32 59Laura Siegemund37.51788.1561742.5851681.1511675.51917.62016-08450.27 60Caty Mcnally23.91787.2681726.5661711.1411692.91805.52019-0783-0.32 61Katie Boulter29.21786.7581741.6731698.2301719.21894.32024-03112-0.61 62Varvara Gracheva25.21783.8621733.7801688.3771628.21819.82019-1075-0.19 63Caroline Garcia31.81781.5541745.2501739.0381704.12044.82017-10301-1.56 64Donna Vekic29.31781.0641732.2561728.4451689.01947.02019-0869-0.08 65Yulia Putintseva30.81780.9601736.3491739.5641647.71933.42025-0174-0.13 66Magda Linette33.61779.8671728.8481740.1841616.21866.62023-02520.24 67Sara Bejlek19.71777.01071655.6371761.01591499.01815.52025-0793-0.33 68Irina Camelia Begu34.81774.7881688.9411756.1861612.41931.22016-05139-0.71 69Beatriz Haddad Maia29.21774.0711715.9531736.0461680.41945.02022-08580.17 70Ella Seidel20.61772.6551742.91031636.3871608.31809.92025-1084-0.18 71Xin Yu Wang24.01770.2811704.2941655.8271720.11853.92025-08570.22 72Magdalena Frech27.81768.4691725.8741696.0961589.01846.42024-10590.20 73Ajla Tomljanovic32.41765.1731713.1761693.4481680.01907.72022-0878-0.07 74Anhelina Kalinina28.81763.7661729.3641711.8851615.21890.82022-06174-0.85 75Antonia Ruzic22.81763.3651731.41111627.2941590.61789.82025-10700.07 76Peyton Stearns23.91762.4831695.6381760.71341533.21925.12025-05640.17 77Rebecca Sramkova29.01757.9771709.4921658.0891603.71821.72024-11710.08 78Elisabetta Cocciaretto24.71755.5891687.8681709.1561669.91853.52023-0781-0.04 79Kaja Juvan24.91752.5961680.6591722.6431691.91825.62022-0599-0.23 80Elena Gabriela Ruse28.01751.4841693.9751694.8571668.91845.72022-0285-0.06 81Shuai Zhang36.81750.8701724.91251607.5661644.71873.32018-01790.03 82Anastasija Sevastova35.61748.0821699.0671709.8731634.31998.32018-10185-0.81 83Bianca Andreescu25.31746.0741711.3881675.7791624.62157.52019-09225-1.00 84Anna Blinkova27.11745.0791708.41011640.8821621.11830.22019-10610.32 85Petra Marcinko19.91744.1851692.8651711.81881472.61753.52025-08820.04 86Alexandra Eala20.41743.7871690.31751537.7551672.81804.22025-09530.48 87Camila Osorio23.81743.3861691.7691706.5911595.81852.02023-06760.14 88Oksana Selekhmeteva22.81743.1931683.8711704.31171557.01771.02025-11100-0.13 89Cristina Bucsa27.91742.7761709.91281601.4881604.11755.12025-12500.58 90Renata Zarazua28.01742.6721715.81001645.2921591.21761.22025-01770.16 91Ashlyn Krueger21.41740.7751710.8931656.5931590.81896.72025-02490.62 92Elsa Jacquemot22.61740.5901685.9971650.4761629.01766.82025-09560.50 93Kamilla Rakhimova24.21739.3921684.2981649.6711638.21753.62025-08910.02 94Katie Volynets23.81739.1801708.1831683.11101575.11828.52024-0696-0.02 95Greet Minnen28.11739.0911685.01221609.2501676.41795.82020-02119-0.23 96Emerson Jones17.31737.9781708.92131484.0901599.61737.92025-11147-0.43 97Oleksandra Oliynykova24.91737.72771427.4621720.51371528.21804.52025-11900.07 98Hailey Baptiste23.91734.81011671.5791689.11061577.11800.92025-06650.41 99Francesca Jones25.11732.81181638.8541734.61441516.61798.62025-09720.32 100Rebeka Masarova26.11728.21031660.4771693.2811621.51817.52023-04115-0.14 101Aliaksandra Sasnovich31.61727.9981675.6891662.4721635.91944.32019-01113-0.11 102Simona Waltert24.81723.51151644.4701704.41521507.51744.42025-10880.15 103Lilli Tagger17.61722.81371607.11121625.01291536.41757.52025-10154-0.40 104Anna Bondar28.41717.31101647.9611721.41711489.31786.62022-05730.35 105Darja Semenistaja23.01715.11161639.8871676.01031578.31736.42025-10980.07 106Dalma Galfi27.31709.51311620.5861680.6741633.41748.02025-10940.12 107Kimberly Birrell27.51705.4971678.11981503.7981588.21804.52025-031060.01 108Yafan Wang31.41703.61001673.01731538.61241539.91853.22019-03274-0.93 109Priscilla Hon27.41700.6991673.61631550.31211544.21722.22025-09121-0.10 110Solana Sierra21.31693.41391603.7911658.21051577.41727.72025-10660.51 111Elina Avanesyan23.11692.8941683.41041634.3991587.31835.32024-08124-0.11 112Julia Grabher29.31692.22041518.8821685.32211443.71692.22025-10920.20 113Xiyu Wang24.51690.11021661.71081630.11221542.11803.02024-02170-0.41 114Robin Montgomery20.81690.11261625.11241607.8681642.61779.92024-07279-0.90 115Marina Stakusic20.91687.21051656.71651549.11021583.21794.32024-02127-0.10 116Aoi Ito21.21687.0951682.83081374.21951467.61786.22024-12165-0.35 117Caroline Dolehide27.21684.61131645.71061631.61681491.31757.62025-071090.07 118Yue Yuan27.01684.31081651.41311592.31281536.51869.72024-04135-0.13 119Viktoriya Tomova30.61681.81201635.41141618.91131565.21752.12024-06128-0.07 120Zeynep Sonmez23.51679.31121646.31371586.0951589.61769.82024-121100.09 121Lin Zhu31.71678.61061655.72321457.41261537.61808.92023-09162-0.29 122Mayar Sherif29.51676.01921525.8901658.51651493.21863.62023-061070.13 123Claire Liu25.41675.51041656.81391583.31361530.81814.62022-05224-0.60 124Suzan Lamens26.31673.41241628.01421578.71301535.81795.22025-04970.25 125Alina Korneeva18.41672.91091649.92371451.71611496.51802.52024-10210-0.52 126Petra Martic34.51672.71221632.51051633.8831617.91979.22019-09209-0.51 127Storm Hunter31.21670.41111646.51521561.11091575.61792.22024-03426-1.21 128Talia Gibson21.41670.21171639.32281461.91071577.01685.82025-111180.08 129Linda Klimovicova21.41669.61191636.22151482.31721487.61715.12025-10133-0.03 130Laura Samson17.71669.22211498.5961651.31511509.61716.72025-11201-0.44 131Moyuka Uchijima24.21665.31271623.11101628.71931469.11822.82025-04890.39 132Bernarda Pera30.81664.11291622.0991645.81201550.21843.12022-08169-0.25 133Ana Bogdan32.61662.31141645.31191613.41011583.81826.32023-07514-1.35 134Lola Radivojevic20.71658.62091512.3951651.61151558.61674.42025-10137-0.02 135Maja Chwalinska24.11657.71451594.41021640.31461512.21717.62024-07146-0.08 136Sara Sorribes Tormo29.11656.81211633.21181614.61331533.41900.82021-08294-0.77 137Mia Pohankova17.01656.31231632.02421443.21671491.61685.92024-11525-1.34 138Diane Parry23.11655.91541586.81271604.7781625.71763.92024-031220.12 139Tatjana Maria38.31655.21381605.41621550.4701639.41804.52009-08431.17 140Veronika Erjavec25.91655.01791544.91071630.71111571.81722.22025-091030.31 141Emiliana Arango24.91653.41251627.11441576.91981461.61698.22025-02481.08 142Polina Iatcenko21.91651.91321618.22441441.01571501.01750.92025-10163-0.14 143Jil Teichmann28.11650.61351612.41151615.92291439.11922.92022-051200.18 144Daria Saville31.41648.01301621.41361586.21431517.61971.32017-01193-0.29 145Anna Lena Friedsam31.81643.31421598.91481568.11761483.71842.92016-05153-0.05 146Anca Alexia Todoni20.91643.21741550.5781692.21451514.31785.12025-01158-0.08 147Sara Errani38.01642.61621577.91201611.41531507.32085.52013-05631-1.46 148Panna Udvardy27.11642.51631573.31301595.41191551.11704.62023-01870.53 149Leolia Jeanjean30.21640.21501589.61171615.11641494.21684.92022-091020.38 150Anastasia Zakharova23.81638.31411600.51891513.41001584.11706.72024-101040.37 151Dominika Salkova21.41637.51281623.01771533.91941467.91685.22025-071420.06 152Linda Fruhvirtova20.51636.11461593.51941507.61141565.11764.12023-031300.16 153Lanlana Tararudee21.31633.41341614.31831521.01231541.31655.32025-111310.16 154Tamara Korpatsch30.51631.91601581.51231608.82271440.71717.52022-101230.22 155Kaitlin Quevedo19.71631.51531586.91211611.41691490.71699.52025-091410.09 156Nikola Bartunkova19.61628.81581583.11401582.91701489.41692.22025-091260.21 157Carson Branstine25.01627.61851535.71451576.1971588.31675.22025-09177-0.12 158Rebecca Marino34.71625.61491590.92061493.41121570.61833.62010-11197-0.22 159Alycia Parks24.91623.11401602.42111485.01381527.01824.72023-011010.45 160Alize Cornet35.61622.81551586.81491567.31041577.52012.52008-05 161Madison Brengle35.51620.11481591.11461575.11471511.51853.02016-03453-1.03 162Lucrezia Stefanini27.51618.61571584.21781533.71251539.71650.22024-121360.17 163Hanyu Guo27.41617.41431595.32121484.11771483.71642.82025-10171-0.05 164Hanne Vandewinkel21.41615.41331617.41571557.91901471.61678.12025-101250.27 165Sinja Kraus23.51614.52051517.21161615.61581500.61711.32025-031080.42 166Darja Vidmanova22.81612.21511589.52271462.02011460.91692.32025-091450.14 167Lucie Havlickova20.71612.01471593.31921509.41501509.71654.92023-05280-0.52 168Maria Timofeeva21.91609.61611580.51611553.82821402.11654.92025-101380.20 169Varvara Lepchenko39.51609.21591582.41501565.01821480.11891.72015-011430.17 170Nina Stojanovic29.21609.01711557.51351586.71181553.61752.92019-10295-0.55 171Tatiana Prozorova22.01603.71561585.81641549.81841476.91730.12025-02183-0.07 172Victoria Jimenez Kasintseva20.31603.41801544.81431577.81831478.31709.52025-091140.41 173Himeno Sakatsume24.21603.11521588.22501435.01801481.91603.12025-111510.14 174Eva Guerrero Alvarez26.21602.41441595.22221467.72071454.11602.42025-11248-0.35 175Lucia Bronzetti26.91602.01691564.61561558.81851475.41777.92025-031050.51 176Arantxa Rus34.91601.11661565.81331590.92051454.71774.52012-071320.29 177Daria Snigur23.61600.91651571.92341456.81351531.81708.02024-071490.17 178Xinyu Gao28.01598.21781545.41581557.02471428.41610.42025-09207-0.15 179Tiantsoa Sarah Rakotomanga Rajaonah19.91597.71731551.81711543.41871473.81643.92025-091170.43 180Heather Watson33.21595.81701564.02361453.11311534.51912.22014-06265-0.39 181Tamara Zidansek27.71595.72071514.41321592.12131451.11857.12019-061560.15 182Joanna Garland24.21594.61751548.51791530.31631495.91609.32025-101290.34 183Harriet Dart29.31591.31641572.32561429.81271537.41727.22022-061680.09 184Polina Kudermetova22.41590.21721552.51671547.41781483.11770.32024-121670.10 185Nuria Brancaccio25.31587.33051397.41341589.12541420.11642.12025-101610.14 186Mananchaya Sawangkaew23.31586.31671565.22041496.01561503.81775.42025-02247-0.28 187Polona Hercog34.81585.12011521.81411578.91401520.51894.82011-07333-0.58 188Yuliia Starodubtseva25.71583.61861535.21381584.01551505.61834.92024-101110.53 189Jana Fett29.01579.71981522.81591556.21621496.41755.52017-101860.02 190Maddison Inglis27.81576.61761546.82381449.41921469.81636.22025-081660.14 191Lauren Davis31.81571.61681564.81911511.01491509.81924.32017-03360-0.63 192Carol Young Suh Lee23.81568.91771546.51761534.51321534.51709.12025-06208-0.08 193Olivia Gadecki23.61568.21811544.72081489.41911470.61767.52024-10204-0.06 194Renata Jamrichova18.21566.42081514.31821522.02671411.21582.52025-09272-0.34 195Iryna Shymanovich28.31565.92161502.81661548.72591417.01649.22023-081500.26 196Ena Shibahara27.71565.71821541.81871514.21891471.71713.22024-111900.03 197Carole Monnet23.91563.22341484.31701544.42801402.91581.62025-111720.14 198Nao Hibino30.91563.01831538.81971504.92151450.01751.22015-09200-0.01 199Susan Bandecchi27.41562.02021521.82211469.72021460.31581.42025-11249-0.22 200Nuria Parrizas Diaz34.11560.11871532.91691544.52371432.81765.02022-02250-0.22 201Katarzyna Kawa33.01560.12571456.91471572.11661492.81650.22025-071340.41 202Elena Pridankina20.21559.72001522.31601554.02561418.91658.22025-041870.08 203Aleksandra Krunic32.41559.62141506.21511562.71411520.51838.02018-01467-0.83 204Clervie Ngounoue19.21557.41911526.82391448.22501427.01690.62025-081920.06 205Fiona Ferro28.71557.21841538.41861515.22431430.41864.62021-03364-0.57 206Alina Charaeva23.51554.12461475.61541560.42031459.51637.22025-101600.25 207Elizara Yaneva18.61553.22431477.12311459.12121451.61615.62025-11362-0.56 208Mona Barthel35.41551.61931525.71841519.82761405.22000.12012-05233-0.11 209Katrina Scott21.31550.72241494.32001503.52891397.61696.92022-08319-0.42 210Teodora Kostovic18.41549.52791424.91291599.42171449.81685.92025-101750.18 211Cadence Brace20.61544.61991522.53791313.62181447.31589.02025-101840.14 212Julieta Pareja16.61543.32401479.41931508.92191446.61619.72025-03345-0.49 213Alisa Oktiabreva17.11542.83391369.51551560.32201446.41584.12025-08298-0.34 214Guiomar Maristany Zuleta De Reales26.71542.72731433.61681545.42721407.71589.22025-051810.17 215Sachia Vickery30.41542.42171502.41801524.22241442.11736.92018-04560-0.96 216Elizabeth Mandlik24.51539.91891530.52231467.51481511.01697.62023-071790.19 217Julia Riera23.41539.72411478.51901511.32321436.61731.22024-051780.20 218Francisca Jorge25.61539.51951523.32431442.41861474.81569.72025-112110.03 219Celine Naef20.41536.82061515.02641426.31391525.61713.22023-09302-0.32 220Zarina Diyas32.01536.51941525.42141482.41811480.31856.62015-02281-0.24 221Eva Bennemann18.11535.51901529.43041376.22221442.81535.52025-11382-0.55 222Alice Rame28.01535.43851321.41811523.32231442.71596.52025-101910.15 223Sofia Costoulas20.61534.72151503.82101487.42661411.81625.22025-051590.34 224Andrea Lazaro Garcia31.01534.22921410.51741538.42551419.41564.02025-061800.22 225Alevtina Ibragimova20.81533.92281491.22251462.82251442.01551.82025-12307-0.31 226Jule Niemeier26.11531.41961523.02021498.71751485.71867.62022-06244-0.08 227Erika Andreeva21.41530.91881532.32331456.92401432.61795.02024-03264-0.15 228Tara Wurth23.11529.62871414.22031498.42281439.81681.62022-07232-0.02 229Mariam Bolkvadze27.51529.12101509.93661324.92061454.51622.42021-09293-0.25 230Tereza Martincova31.11527.52031520.02601428.21421519.71811.82022-03464-0.70 231Astra Sharma30.11526.92331485.81991503.72111451.71708.02019-041550.40 232Jessika Ponchet29.11526.62311487.41951507.52041457.01622.02024-061640.35 233Fangran Tian22.21526.32121508.33031378.22311438.21541.92025-11334-0.36 234Louisa Chirico29.41525.22551458.21721540.72851401.41812.72016-101730.30 235Kayla Day26.01524.32111508.42051494.93271373.51756.92016-10256-0.09 236Aliona Falei21.61520.22201499.02511434.22351435.81644.32024-04344-0.38 237Maria Lourdes Carle25.71519.72301490.92011499.83111384.11768.72024-051480.47 238Mary Stoiana22.41519.32181501.53201366.32361434.61658.42024-102230.07 239Katie Swan26.61519.12131506.52901395.22141450.61661.32022-10270-0.12 240Fiona Crawley23.71515.42321486.23421344.02381432.71590.42025-082400 241Mingge Xu18.11515.32441477.03101372.62771403.81566.32025-122300.05 242Chloe Paquet31.41514.62581456.42171477.23061386.91631.42024-082370.02 243Martina Trevisan32.01513.22261491.81961505.74201329.21803.72022-05696-1.05 244Kajsa Rinaldo Persson28.01512.32541458.32531430.93441364.31554.82025-10271-0.10 245Gabriela Andrea Knutson28.61511.12291491.03821310.72161450.01597.52024-071820.30 246Camilla Rosatello30.51511.12781427.11881513.63281372.81569.52025-102150.13 247Yeon Woo Ku22.61510.12361482.43161370.12441430.11521.12025-111890.27 248Emina Bektas32.51509.52381481.63751314.91971464.91692.42023-10304-0.20 249Destanee Aiava25.51509.02251493.22771412.42981392.51640.52025-022350.06 250Sayaka Ishii19.81508.92421477.43241363.72001461.01577.32025-03408-0.49 251Ekaterine Gorgodze33.91507.72751430.02191474.72081453.51609.92021-081760.35 252Kristina Dmitruk21.91507.22231494.72301460.52971392.61588.22025-03359-0.35 253Aliona Bolsova28.01507.22621445.62091488.42741406.61726.62019-052310.09 254Anouk Koevermans21.81507.02741431.51851518.52911397.11669.62024-081940.27 255Wakana Sonobe17.71506.01971523.03721321.22481428.01733.62025-042270.12 256Jodie Burrage26.31505.52271491.43301359.11961465.01712.32023-07282-0.10 257Ekaterina Reyngold24.51505.32491472.22491436.32491427.61523.52025-10296-0.14 258Lisa Pigato22.41504.92351484.22181476.11741486.01620.82021-05266-0.03 259Harmony Tan28.01503.82471473.43121371.61601498.81709.72022-082140.19 260Tyra Caterina Grant17.71501.62661441.12261462.82511425.81624.62025-062340.11 261Noma Noha Akugue21.91501.52501470.42471438.33301372.31668.12023-08269-0.03 262Anastasia Gasanova26.41500.82601452.52201473.12331436.51644.42022-012120.21 263Viktoria Hruncakova27.51497.12511467.72521431.42611416.51890.82018-062190.18 264Amarissa Kiara Toth22.71495.42841416.72161480.32521422.71605.72025-062570.03 265Kayla Cross20.61494.52391480.93321357.34061335.41509.92025-111950.31 266Lina Gjorcheska31.31492.23001404.02071493.22411431.91636.72017-042020.28 267Ye Xin Ma26.41491.12481472.94061294.22831401.91510.72025-112280.16 268Sijia Wei21.91488.32191499.23731319.02941393.51762.62025-01287-0.07 269Kyoka Okamura30.11486.82641442.03381348.31541506.61537.82025-09324-0.19 270Vitalia Diatchenko35.11486.62531465.52881400.42391432.71829.92014-11529-0.67 271Miriam Bianca Bulgaru27.11485.73591353.62411444.53181380.21590.42024-091960.32 272Arina Rodionova35.91484.72521467.23011379.32091453.51643.72017-072060.28 273Elena Ruxandra Bertea19.51483.83151388.52241465.52601416.91576.22025-09299-0.09 274Despina Papamichail32.81481.32991406.32351454.92261441.11551.52022-101570.56 275Martyna Kubka24.61478.62561457.93191369.22631414.31478.62025-12323-0.16 276Alexis Blokhina21.11476.32611448.62811409.42641413.21509.62025-06363-0.27 277Ana Konjuh27.41473.02451476.22571429.51991461.31911.82017-02640-0.84 278Manon Leonard24.81471.52221496.14561259.04111333.91574.52024-031990.33 279Mia Ristic19.51470.53251380.22581429.52681410.31662.12023-112670.04 280Mariia Tkacheva23.21469.02371481.73801312.12691409.51595.22024-11417-0.40 281Yuriko Miyazaki30.01468.22711435.34011296.52531420.41629.12023-012410.15 282Vendula Valdmannova17.91467.62681440.63951301.52701408.81484.42025-12313-0.10 283Ariana Geerlings19.91465.73761335.92611427.62711407.81485.32025-07331-0.16 284Marina Bassols Ribera25.91462.32671440.82541430.82621415.21675.32024-012360.19 285Leyre Romero Gormaz23.51459.72721435.12681424.43231375.31656.12024-061400.71 286Amarni Banks23.11459.22761428.43671324.82751406.11555.12024-01327-0.13 287Laura Pigossi31.31458.02651441.52721418.53931340.21607.52024-061980.37 288Ane Mintegi Del Olmo22.01457.32911411.72631427.22781403.71542.72025-06361-0.23 289Lizette Cabrera27.91456.02891412.73371349.02341435.91588.02017-112750.05 290Luisina Giovannini19.01455.23701342.62461438.32811402.61481.22025-122200.28 291Silvia Ambrosio28.81453.73731338.42401444.62841401.91533.32023-062130.31 292Eva Vedder26.01453.52591456.32791411.02651412.21577.52025-082220.27 293Arianne Hartono29.61452.82701435.53061375.43421364.61610.62024-022550.14 294Rada Zolotareva17.11450.93321376.33451340.52861400.51508.92025-09513-0.56 295Katherine Sebov26.81448.92691436.83051376.13101384.61701.72023-042430.19 296Selena Janicijevic23.31448.82831417.12781411.02571418.21576.32024-072210.29 297Jesika Maleckova30.91448.63201384.22671425.13611353.61571.12016-06691-0.84 298Emeline Dartron25.11447.42821418.12841405.12871398.71525.52025-04500-0.52 299Tessah Andrianjafitrimo27.11446.72941410.22711421.13411366.61550.62024-092730.09 300Caroline Uebelhoer29.61445.93141388.82451438.52881398.01519.22025-042450.20 301Mika Stojsavljevic16.91443.72861414.63501336.94241327.21456.52025-122910.03 302Jessica Pieri28.61442.53371371.02761413.13081385.81610.22021-052260.29 303Taylah Preston20.01442.42631444.23591329.53651352.61747.02024-032050.39 304Darya Astakhova23.81442.33231382.12291461.73461364.01642.72022-09427-0.34 305Berfu Cengiz26.11441.83031402.62551430.63221376.21611.72024-06477-0.45 306Anastasiya Soboleva21.51441.43191386.22691421.43541356.81571.22025-052630.15 307Jazmin Ortenzi24.01440.93581353.82621427.53401367.11500.92025-052170.35 308Mathilde Lollia25.31439.83991306.22731418.02931394.91472.72025-09442-0.36 309Mei Yamaguchi26.41438.82801424.53811311.03311371.71544.42025-022850.08 310Elvina Kalieva22.31436.43241381.52701421.33701350.81596.22022-012030.42 311Patricia Maria Tig31.01435.93041398.62591429.14221328.71730.12020-09399-0.25 312Tiphanie Fiquet25.51435.82961409.73021379.22951392.91449.72025-10326-0.04 313Amandine Monnot23.81435.42951410.13311358.22961392.71446.02025-12407-0.26 314Daria Kudashova22.41432.02981407.73001381.02991391.01560.32024-11736-0.85 315Katarina Zavatska25.81430.73421367.72651426.13211377.11720.02019-11337-0.07 316Anna Siskova24.41429.03531358.52801410.84461316.71506.72025-072590.20 317Hina Inoue22.41425.73021403.64601256.63141382.51550.82024-102380.29 318Ranah Akua Stoiber20.41425.73261379.53871309.33811347.41450.12025-08444-0.33 319Zhibek Kulambayeva25.41425.24421278.32661425.33031387.61439.72025-09380-0.17 320Ana Sofia Sanchez31.51424.73121389.92941388.63041387.41487.12025-071880.53 321Ayla Aksu29.31423.93101390.43261362.53051387.01516.12017-08415-0.26 322Mai Hontama26.21423.13081394.92911394.13531357.61687.62024-032420.29 323Margaux Rouvroy24.61422.93061397.03131371.23071386.41545.42023-05377-0.15 324Irina Bara30.31422.13621350.62891399.64431317.81670.02020-09351-0.08 325Irene Burillo Escorihuela28.31421.93551356.52871400.63621353.51537.02024-062520.25 326Julia Avdeeva23.31421.13111390.12831407.23471362.91654.72024-022880.12 327Carol Zhao30.21420.42971408.53611327.42581417.31576.72017-113180.03 328Akasha Urhobo18.61420.43491361.12921389.83091385.21525.62024-06332-0.01 329Amandine Hesse32.71420.23181386.63181369.64261326.61573.32015-09340-0.03 330Valentina Ryser24.61419.83501360.54471267.31731486.21638.52025-062770.18 331En Shuo Liang25.11419.72811424.33961301.32451429.91621.72019-05394-0.17 332Maaya Rajeshwaran Revathi16.31416.83091392.93701323.43121383.41631.12025-02643-0.66 333Ylena In Albon26.61416.43671345.92991385.23241373.91591.72022-05405-0.20 334Justina Mikulskyte29.81414.63171386.92751415.04281326.01527.52022-052160.44 335Matilde Jorge21.61413.13071396.73631325.83151381.51519.02025-062680.22 336Raluka Serban28.41411.63161388.22981385.93011388.71648.92022-042460.31 337Robin Anderson32.31410.73211383.02951388.43591355.01641.12019-10469-0.33 338Barbora Palicova21.71409.23351371.62851404.83131383.41672.52022-112290.39 339Mina Hodzic23.41407.53131388.93391346.53521360.81534.32024-04468-0.32 340Anastasia Zolotareva23.81406.83341374.63111372.43191378.41431.62025-123030.12 341Gabriela Lee30.11406.54231291.92821408.74571310.91608.82022-053290.04 342Sahaja Yamalapalli24.91406.03361371.14211283.93021387.81431.22024-12378-0.10 343Sohyun Park23.31404.12881414.03441340.72101452.11536.62019-092620.27 344Whitney Osuigwe23.51403.73381369.82861404.04621305.81799.02019-051520.82 345Isabella Shinikova34.01400.82851416.14381271.94771298.31640.82019-10357-0.03 346Ayana Akli24.41400.62901411.94091291.03831346.81559.92025-082510.32 347Aneta Kladivova25.31397.44011304.52961386.33261373.71498.62024-08433-0.22 348Kathinka Von Deichmann31.51397.33411368.02931389.83661352.61625.32022-052600.29 349Xiaodi You29.51396.73301377.93541332.34451317.01517.72017-112830.21 350Nastasja Schunk22.01396.23481361.73231364.22461428.81675.12022-052970.16 351Lea Boskovic26.01395.33291378.33211364.82731407.51591.82024-083220.09 352Angela Fita Boluda26.31394.94181297.23141371.03291372.41561.82024-092610.30 353Sara Saito19.11390.42931410.53091373.24841292.61664.62024-072780.24 354Shrivalli Rashmikaa Bhamidipaty23.81390.43431366.53831310.23321370.21490.22024-02447-0.23 355Astrid Lew Yan Foon20.21389.93681344.33291359.23331369.91438.92024-043540 356Eunhye Lee25.51389.23271379.13851309.63341369.61436.62025-113100.14 357Martina Colmegna28.91388.93961309.53251363.43351369.51526.92023-01450-0.23 358Miho Kuramochi27.41388.73461363.13861309.33391367.21434.22024-01365-0.02 359Yidi Yang25.91388.43441364.03521334.13361369.21400.42025-09368-0.02 360Francesca Curmi23.31388.23311377.03171370.03381369.11502.42025-033410.05 361Tina Nadine Smith23.41388.23331375.03331356.63371369.11532.32025-023280.10 362Su Jeong Jang30.61387.03541357.22741415.74071335.01643.82017-05665-0.61 363Sofya Lansere25.11378.73221382.74261279.43451364.31503.52024-01409-0.12 364Gabriela Ce32.71378.34251290.13411344.94001337.21517.02022-053150.14 365Priska Madelyn Nugroho22.41378.13521359.03151370.22301439.01559.92020-03401-0.09 366Sada Nahimana24.61375.64161297.53071375.43481362.81554.72025-052180.52 367Alicia Herrero Linana26.91375.54211293.93221364.83491362.71452.12025-103060.18 368Angelina Voloshchuk18.41375.23561355.34111290.33501362.61410.92025-09460-0.22 369Anna Sinclair Rogers27.61374.33711342.13841309.93251373.91432.32024-112530.38 370Hanna Chang27.71372.93791332.62971386.24521313.31505.52025-043170.15 371Alessandra Mazzola25.71372.54051301.33281359.83511361.31514.52025-07484-0.27 372Lea Ma24.81371.93601352.93771314.43981338.31435.92025-093430.08 373Cagla Buyukakcay36.11369.83631350.53351352.15131249.21727.72016-053550.05 374Jana Kolodynska22.21368.93401369.34781224.34381320.61443.82023-10598-0.47 375Fangzhou Liu29.71366.83471362.04821219.54421318.21650.72015-03472-0.23 376Usue Maitane Arconada26.91366.73571354.94311276.83891344.41669.82019-09656-0.56 377Maria Sara Popa20.11363.74651249.43271361.53551356.81461.02023-09519-0.32 378Ikumi Yamazaki24.21363.64331284.82481438.03561356.81493.32025-08389-0.03 379Elena Malygina25.41363.43281378.44321275.82421431.71470.12019-02428-0.12 380Karina Miller23.01362.43451363.34461267.53571356.21486.92024-11659-0.55 381Jia Jing Lu35.91359.93781333.23691323.55011270.51530.12021-01412-0.08 382Malaika Rapolu22.51359.13641346.93991297.03601354.51526.42024-11530-0.33 383Haley Giavara25.01358.53821326.44401269.83431364.51423.42023-073790.01 384Victoria Rodriguez30.51357.13691344.34251279.83631353.51470.72015-10419-0.09 385Oana Georgeta Simion29.51355.44221292.73471338.43641352.71392.52025-06490-0.24 386Julie Belgraver23.31355.23951310.63711322.33671352.61581.52025-062580.40 387Elena Micic21.31355.03751336.34521262.43681352.51406.52025-013470.11 388Antonia Vergara Rivera18.91352.44241291.23461338.73691351.21395.92025-11425-0.09 389Samira De Stefano21.51350.73741337.94811220.73711350.31395.42025-113380.14 390Carolina Alves29.61350.43841322.63491337.14731301.71582.22022-052390.49 391Weronika Ewald19.71350.24101300.03571331.63721350.11356.02025-11395-0.01 392Dalila Jakupovic34.61350.03721339.23601328.14551311.41762.62018-073360.15 393Lisa Zaar25.51349.03881318.13931303.63731349.51386.32025-11424-0.08 394Radka Zelnickova22.41348.33911317.54511263.03741349.21368.02025-11456-0.15 395Federica Urgesi20.81348.24471272.23361351.53751349.11409.02025-11443-0.11 396Meiling Wang25.51347.43651346.34291278.83761348.71501.52024-05544-0.32 397Tatiana Pieri26.61347.24201296.33641325.83771348.61415.22025-093490.13 398Yasmine Mansouri24.41346.33931314.84871211.43781348.11399.32024-11402-0.01 399Anja Stankovic20.41345.84291287.93741315.33791347.91400.22025-08495-0.22 400Viktoria Morvayova24.71345.33861321.14501263.13801347.71360.52025-113460.15 401Rina Saigo25.11344.53801332.24651248.33901343.81407.32023-053080.26 402Sofia Rocchetti23.21344.34461272.63561331.93821347.11366.92025-11677-0.52 403Amelia Rajecki23.41343.94381281.84151286.93911343.61468.12024-06452-0.11 404Dasha Plekhanova21.61343.23811330.14671247.43841346.61414.02025-10601-0.40 405Makenna Jones27.41342.93511359.13981297.23851346.41540.52023-10730-0.59 406Tena Lukas30.31342.74151298.03431342.44311324.51543.02018-07445-0.09 407Wushuang Zheng26.91341.53611351.64801222.23861345.71518.42025-042860.35 408Hiromi Abe25.51340.03831325.64171285.03871345.01376.62025-063580.13 409Anastasia Abbagnato21.91339.34281288.43511334.43881344.71447.42025-10418-0.02 410Saki Imamura23.61338.03891318.14201284.04031336.01427.62025-103740.09 411Haruka Kaji31.11336.93771334.64041294.63161381.01517.52025-033000.31 412Anouck Vrancken Peeters22.71336.83661346.24491264.14151331.21356.32025-122900.35 413Emily Appleton26.11334.04261289.74661247.54101334.51437.92024-063750.10 414Kira Pavlova21.51332.84021304.34241281.43921341.41394.52024-04422-0.02 415Maria Mateas26.01329.73971307.23891305.44541312.41528.72017-093830.08 416Anastasia Kulikova25.61328.73981306.73621327.34341322.41667.12021-07510-0.20 417Laura Mair22.91328.74551263.93481337.73951339.31424.32025-10628-0.41 418Nahia Berecoechea21.41328.74701240.33401345.63941339.31345.82025-09474-0.13 419Momoko Kobori27.11327.54081301.14621252.64591308.21439.92018-054210 420Dalila Spiteri28.51326.84411278.53881309.23961338.41488.82023-073350.23 421Yaroslava Bartashevich20.61326.84481271.23941302.73971338.41499.92025-04459-0.09 422Maria Kozyreva26.41326.13901318.04181285.03991338.01586.12024-03432-0.02 423Anastasia Tikhonova24.81326.14061301.33681323.53201378.41592.02022-032540.51 424Maria Martinez Vaquero23.81323.64111300.04391270.94021336.81418.22025-08501-0.17 425Miriana Tona30.71321.83941313.04021295.84041335.91429.32024-043530.19 426Zongyu Li22.41321.34091300.14081292.04051335.61441.82025-03462-0.08 427Vivian Wolff27.01320.13871318.74431268.74081335.01454.92024-053250.27 428Lina Glushko25.81319.94071301.33921304.13001389.41581.42019-02684-0.47 429Georgia Pedone21.01317.05101171.23531333.44291325.81563.82024-093520.20 430Josy Daems19.61316.94601259.14531260.74121333.41373.72025-08494-0.14 431Martina Okalova28.31314.54041303.24341275.54131332.31504.32025-054100.05 432Lucija Ciric Bagaric21.71313.74531264.33761314.94601307.61540.72024-074140.04 433Diletta Cherubini23.51312.84491269.03911304.24141331.41417.62025-063670.17 434Sara Cakarevic28.61312.44371282.74001296.64161331.21459.62024-10578-0.29 435Andreea Prisacariu25.61310.54611258.34301277.14171330.21380.72022-05508-0.16 436Ella Mcdonald20.21309.64981204.04411269.83581356.21487.42025-06524-0.18 437Noemi Basiletti19.71309.54791222.63651325.04181329.71452.12025-08496-0.13 438Diana Martynov24.41308.94311286.04101290.44191329.41521.52024-10616-0.34 439Daria Lodikova29.41307.84721234.13971301.14211328.91453.42024-10531-0.19 440Denislava Glushkova21.81307.43011403.74161286.82791403.71441.22023-043920.12 441Madison Sieg22.31306.74361283.64581257.94231328.41336.02025-074410 442Jessica Failla28.21305.44121299.94891209.54481316.41414.02024-06783-0.57 443Rasheeda Mcadoo30.31304.34431277.34721233.24251327.21332.82025-09465-0.05 444Ayano Shimizu27.61303.74541264.34881210.24011336.91527.12018-074110.08 445Tessa Johanna Brockmann20.01302.84401280.14421269.14271326.41445.02025-082890.43 446Han Shi20.41302.34031304.14351274.94441317.21657.22024-084350.02 447Ekaterina Makarova29.31302.24681247.14281279.05151230.71452.82024-074000.11 448Ksenia Zaytseva21.11299.84321285.84331275.74301324.91468.12023-12579-0.26 449Jamie Loeb30.21298.64441277.04481265.44911285.31668.42017-04572-0.24 450Carlota Martinez Cirez24.51298.04921207.24141287.44661305.11420.62025-074370.03 451Meiqi Guo25.71297.74631252.54451267.94321323.91346.62025-09455-0.01 452Ilinca Dalina Amariei23.21296.74831218.24191284.34331323.41358.32024-01471-0.04 453Eudice Wong Chong29.51295.03921315.74941195.72901397.51640.22014-02595-0.27 454Aurora Zantedeschi25.01294.65081178.04051294.54351322.31526.92025-033200.35 455Elina Nepliy28.01293.14571263.23901305.14361321.61369.62025-10644-0.35 456Malene Helgo26.01292.84131298.34551259.52921396.41538.22017-04533-0.16 457Ipek Oz26.31292.64001305.14361273.14861290.31563.92022-05511-0.11 458Petra Hule26.61292.54341284.44121290.35091260.01511.92024-02792-0.55 459Ena Koike19.01292.44511266.74691245.44371321.21385.22025-06567-0.21 460Ankita Raina32.71291.74561263.33551332.34951282.51517.72018-04577-0.23 461Ekaterina Ovcharenko24.81290.04581260.64031295.34391320.01402.62025-09478-0.04 462Iva Primorac29.41289.94841217.53781314.04401320.01436.22024-09600-0.26 463Urszula Radwanska34.91287.34521264.53581331.44491315.91885.02012-094460.04 464Lia Karatancheva22.11287.04771227.24611255.44411318.51478.02025-052920.46 465Alana Smith25.91286.44391280.65101154.94561311.11489.92024-114230.09 466Georgia Andreea Craciun26.21283.15051189.54231282.64471316.61414.92024-11491-0.05 467Riya Bhatia28.01281.94811221.94631251.94891286.81363.52025-09534-0.13 468Jenny Lim20.71280.94971205.34131288.14501315.41477.72024-05564-0.19 469Alice Robbe25.51279.24821221.23341356.44701303.81499.52023-10589-0.23 470Valeriya Strakhova30.41278.55021192.74371271.94511314.31455.22025-033870.19 471Ekaterina Kazionova26.81277.24951205.54071294.04831292.71515.52025-074040.15 472Melisa Ercan20.01275.44271288.84901209.24531312.71454.32024-07614-0.26 473Akiko Omae32.31275.34501267.15091159.15141245.61368.42011-10868-0.61 474Gina Marie Dittmann23.11270.04451273.74791224.34581310.01326.62025-09521-0.09 475Leonie Kung24.91268.44171297.54741226.55111256.01632.12021-033480.31 476Jasmijn Gimbrere24.71264.34861216.04221283.35041263.71371.52025-08497-0.04 477Emily Seibold25.61262.54851216.84641249.14611306.31338.02023-014630.03 478Pia Lovric23.51262.04191296.44571258.23171381.01532.92022-04504-0.05 479Kristina Novak25.21261.74141298.15011172.34631305.81336.82025-10698-0.38 480Gabriella Da Silva Fick25.21261.34731232.34681245.74641305.71310.42025-11587-0.20 481Marine Szostak23.71261.24741230.34541260.34651305.61285.42025-10574-0.18 482Evialina Laskevich20.91260.24671247.74911208.54671305.11581.02024-07720-0.40 483Veronika Podrez18.81258.64301287.75131148.74681304.31268.52025-032840.53 484Nicole Fossa Huergo30.41258.14351284.04921200.74691304.11453.72024-123930.21 485Jiaqi Wang23.51257.54641252.24761225.94711303.71355.42025-094870 486Cristina Diaz Adrover19.91255.45001200.24441268.74721302.71359.02025-093860.23 487Hong Yi Cody Wong23.61253.44801222.44591257.74741301.71398.72025-01615-0.23 488Antonia Schmidt24.31252.54661249.15001175.94751301.21393.62025-023710.27 489Jessica Bertoldo33.01248.94711239.44841214.34761299.41340.82025-05527-0.07 490Sapfo Sakellaridi22.61241.45161121.54701242.94781295.71437.62023-073970.21 491Xinxin Yao22.01239.34621258.14981184.54791294.71539.42025-013960.22 492Ruien Zhang17.41239.24751228.54711234.64801294.61349.02025-04673-0.31 493Ying Zhang29.61237.34761227.94971189.24811293.61289.72014-04542-0.09 494Lucia Cortez Llorca25.41235.85131149.54271279.34821292.91483.22024-08550-0.11 495Sofia Shapatava36.71234.34891209.74751226.35071262.51540.02014-063810.26 496Weronika Falkowska25.41228.04691246.35051165.34871289.01411.92022-11503-0.01 497Ayumi Koshiishi25.21223.74881213.34731226.94881286.91375.82024-104480.10 498Victoria Hu23.41222.14901208.14931196.24901286.01478.52024-023720.29 499Eri Shimizu27.41220.94961205.44771225.44851291.61466.22024-094060.21 500Ana Candiotto21.51217.94931207.04951195.04921283.91274.32025-10506-0.01 501Clara Vlasselaer24.51217.74941206.54851212.54931283.81335.42024-10687-0.32 502Sarah Iliev18.91216.44991203.75021172.24941283.21414.82023-05666-0.28 503Naho Sato24.81208.85041189.74831219.44961279.41430.82024-05778-0.44 504Verena Meliss28.11197.15061184.65111153.64971273.61239.02025-09539-0.07 505Vaishnavi Adkar20.81193.35071178.14861211.64981271.61215.42025-10681-0.30 506Sakura Hosogi25.61191.85091175.84961191.15001270.91368.22022-123140.48 507Yufei Ren19.61188.35031190.35061164.65021269.21428.52024-054980.02 508Ellie Schoppe23.91186.05011197.14991183.75031268.01340.42025-09588-0.15 509Lian Tran23.21185.74911207.95041165.74991271.01501.02025-024200.19 510Natalija Senic22.81177.34591260.45151123.85051263.71291.32025-033660.33 511Amina Anshba26.11175.65141149.35081159.35061262.81385.62024-09699-0.31 512Katarina Jokic27.61174.75121152.35071164.35081262.31440.22022-013090.50 513Martha Matoula28.41169.24781223.15031167.44091334.61571.32022-083880.28 514Demi Tran24.81168.14871214.15161109.85101259.11298.02024-07746-0.37 515Jana Otzipka20.71157.25111169.15121152.75121253.61280.22025-04617-0.18 516Rinko Matsuda20.61132.45151125.15141140.75161210.71203.62025-06526-0.02 517Nadiya Kolb32.71079.85171081.55181101.75191179.31208.92011-06 518Celia Cervino Ruiz27.91065.45191068.55171107.65171207.71200.02022-06757-0.38 519Alba Rey Garcia23.31062.75181078.05191083.15181206.41169.02024-08604-0.15,,,,,,,,,,,,,,,,
